POD ID,POD Name,City,Tier,Total GMV,FnV Orders,Units Sold
1396284,Koramanagala,Bangalore,1,7111548,158430,186688
1400215,Gunjuru,Bangalore,1,6071063,130513,156800
1400960,Whitefield Main Road,Bangalore,1,6058985,133499,156245
1395425,Kalamandir,Bangalore,1,5433415,121878,142623
1395720,Somasundarapalya,Bangalore,1,5243579,111799,131131
1385836,Kasavanahalli,Bangalore,1,5222968,114469,135704
1390218,HRBR Layout,Bangalore,1,5044803,111283,132792
1398452,Andheri West,Mumbai,1,5000655,99895,120526
1395721,Kodihalli,Bangalore,1,4974544,106621,125366
1385563,Nanakaramguda,Hyderabad,1,4965778,107802,131510
1397048,Bannerghatta Road,Bangalore,1,4946412,107821,127913
1384788,Balagere,Bangalore,1,4848719,108240,128030
1391897,Postal Colony Chembur,Mumbai,1,4841201,99085,119137
1386269,TCS Synergy Park,Hyderabad,1,4738144,105564,128282
1404617,Provident Capella,Bangalore,1,4694255,107678,127168
1404679,Horamavu Village,Bangalore,1,4619265,104193,123250
1404599,E-City Megapod,Bangalore,1,4587267,106707,126636
1404773,Tellapur new,Hyderabad,1,4546555,97429,123596
1400609,Munnekolala,Bangalore,1,4502008,96867,113980
1392421,Carmelaram,Bangalore,1,4487481,97261,115218
1239162,Bhagwati Stores Pvt Ltd Inborbit Mall Malad,Mumbai,1,4455503,94809,112564
1392660,HSR/Kudlu,Bangalore,1,4427724,97424,113917
1398438,Amrita Nagar,Bangalore,1,4397762,97740,116464
1403454,D N Nagar,Mumbai,1,4214147,86297,102275
1382350,Esperar Retail Private Limited Kartik Nagar,Bangalore,1,4185449,90476,106463
1389001,Samarth Colony MP,Pune,1,4162621,92054,107430
1403463,Hado Siddapura,Bangalore,1,4084663,89802,105888
1404792,Hongasandra,Bangalore,1,4076839,95081,112249
1382391,Kwickbox Retail Pvt Ltd Masjid Banda,Hyderabad,1,4071698,92409,111589
854379,Aurora Ventures Private Ltd Kalyan Nagar3,Bangalore,1,4014940,86062,102073
1404452,Kothanur,Bangalore,1,4008853,85473,101611
1404991,Lalbagh,Mangalore,2,3963271,83799,97857
1397630,Velachery,Chennai,1,3928932,86630,102126
1400610,Yemalur Kempapura,Bangalore,1,3899863,85445,101206
1381967,Bhagwati Stores Pvt Ltd Mahim,Mumbai,1,3788225,77161,91785
1386094,Kothaguda,Hyderabad,1,3763919,89612,108382
1397626,Tulaja Bhawani Nagar,Pune,1,3760626,83388,97677
1399354,Siddeshwara Theatre,Bangalore,1,3759074,85575,102370
1404614,Jeevan Bhima Nagar,Bangalore,1,3755928,86198,101388
1229990,Greenmania Modern Retails Pvt Ltd Sahakar Nagar,Bangalore,1,3754844,83110,99625
1387561,Gandhipura,Bangalore,1,3720824,84208,99082
1403042,Thacker Nagar Megapod,Pune,1,3689737,89786,104005
1399695,Dommasandra,Bangalore,1,3682141,84399,102593
1380712,Kwickbox Retail Pvt Ltd Botanical Garden,Hyderabad,1,3647126,75870,94402
1404646,Waghbil Naka,Mumbai,1,3598836,76461,89992
1113109,B&H ENTERTAINMENT (I) PVT LTD ANTOP HILL,Mumbai,1,3592986,74627,88806
810367,B&H ENTERTAINMENT (I) PVT LTD Vikhroli,Mumbai,1,3551779,77565,89766
1402064,Goregaon West - MP,Mumbai,1,3543292,74720,87209
1401716,Phoenix Mall,Bangalore,1,3520043,73756,89134
1403138,Hebbal Megapod,Bangalore,1,3489723,74758,90577
1386092,Infopark,Kochi,2,3449130,66641,75715
1401286,Police Colony,Tirunelveli,2,3438562,86856,100486
1381849,Setron Retail Pvt Ltd Perumanoor,Kochi,2,3427102,66229,76512
1397796,NS Palya,Bangalore,1,3413241,77635,91513
1392531,Lower parel,Mumbai,1,3404467,61298,75692
1395735,Punkunnam,Thrissur,2,3399087,73902,86872
1388683,Kotivakkam,Chennai,1,3384310,74780,88700
762551,Aariga Strategy Consultants Pvt Ltd Spencer,Gurgaon,1,3374377,68907,80825
1402605,Haralur Road,Bangalore,1,3345833,69764,83226
1395434,Hoodi,Bangalore,1,3332786,69139,81551
969383,RAJIDI RETAIL PVT LTD BANDRA WEST,Mumbai,1,3320181,61445,74067
1400930,Adonai Church,Bangalore,1,3316762,73946,86932
1404595,Pattom,Trivandrum,2,3277603,58894,68477
1404579,Nagvara Megapod,Bangalore,1,3260584,70444,83607
1404930,Vignan Nagar,Bangalore,1,3245431,76583,89306
1386090,HSR Sec 2,Bangalore,1,3240879,75489,87388
1403019,Prestige Shantiniketan,Bangalore,1,3234986,64443,77473
1387903,Salapuria Sancity,Bangalore,1,3227810,70871,84812
1386267,Sholinganallur,Chennai,1,3173696,68424,81114
1369819,Genuino Marketing Pvt Ltd Thiruvanmiyur,Chennai,1,3150630,66992,80344
1190778,Greenmania Modern Retail Pvt Ltd Indiranagar5,Bangalore,1,3136969,67164,79951
1388998,Adarsh Palm Retreat,Bangalore,1,3135376,62549,75235
1403842,Relief Road,Mumbai,1,3092812,65538,77436
1238358,Bhagwati Stores Pvt Ltd JVLR,Mumbai,1,3072674,64065,75195
1388682,Guttahalli,Bangalore,1,3072429,66261,81524
1395732,Alagapuram,Salem,2,3067972,72426,87333
1393563,Kaggadasapura,Bangalore,1,3060895,68804,80865
1387565,Waverock,Hyderabad,1,3050715,63055,77290
1390227,Eco city,Noida,1,3041984,66737,78331
1393574,Kunal Icon Pimple Saudagar,Pune,1,3039259,71440,82631
1401471,Chandanagar,Hyderabad,1,3028905,72856,89721
1404785,Vani Vilas Mohalla - MP,Mysore,2,3007841,68827,83035
1401472,JNTU,Hyderabad,1,3000647,67768,83944
1181690,Greenmania Chramjpet3,Bangalore,1,2982762,66505,81437
1403030,Kalina,Mumbai,1,2981816,58550,69533
1402609,Samaspur Village,Gurgaon,1,2981096,62379,74643
1388681,Hulimavu,Bangalore,1,2972409,67297,79821
1382439,Bhagwati Stores Pvt Ltd Thakur Village,Mumbai,1,2972229,62752,73539
1397024,Bagaluru Road,Bangalore,1,2971347,69105,83123
1404760,Kharghar - MP,Mumbai,1,2971275,63854,75269
1404817,SG Palya - MP,Bangalore,1,2969053,71888,85495
1404660,Kokapet X Road,Hyderabad,1,2965504,60718,76296
1381966,Bhagwati Stores Pvt Ltd Indira Nagar,Mumbai,1,2954844,64340,75538
1382427,Setron Retail Pvt Ltd Peeta metro station,Kochi,2,2935144,59995,68970
1390228,Shivrajnagar,Pune,1,2916438,68724,79623
1399697,Jafferkhanpet,Chennai,1,2895295,63864,75720
1401656,Tuticorin,Thoothukudi,2,2879336,72398,84715
1135720,B&H ENTERTAINMENT (I) PVT LTD POWAI2,Mumbai,1,2875691,55931,66404
1397057,Madhapur,Hyderabad,1,2844693,62351,75740
1298955,BHAGWATI STORES Pvt Ltd Ghatkopar West,Mumbai,1,2830932,60605,72117
1393828,West Marredpally,Hyderabad,1,2823585,61526,77506
1404645,Park Road,Mumbai,1,2816408,58529,68955
1398444,Attavar,Mangalore,2,2814933,59848,70923
1403034,Lodha Amara,Mumbai,1,2814495,62650,73550
1381157,Growgreenherbs Modern Retails Pvt Ltd Mullur,Bangalore,1,2809467,66453,79833
1349401,Genuino Marketing Pvt Ltd Raghava Nagar,Chennai,1,2806545,63730,75356
1295147,Foclo Technologies Pvt Ltd Vileparle East,Mumbai,1,2793370,59258,70834
1373485,Growgreenherbs Modern Retails Pvt Ltd KR Puram,Bangalore,1,2788791,66808,79553
1396282,Tardeo Police Station,Mumbai,1,2786365,49544,62585
1387634,Beeramguda,Hyderabad,1,2775208,68860,85531
1400604,Peters Rd flyover,Chennai,1,2760778,61296,74048
1401247,Kadubeesanahalli,Bangalore,1,2759366,61271,72592
1061926,GetMax Globe Pvt. Ltd. Kondapur,Hyderabad,1,2756585,58055,72159
1390224,Model Colony Mumbai,Mumbai,1,2754312,55660,65195
1190780,B&H ENTERTAINMENT (I) PVT LTD VILEPARLE,Mumbai,1,2730814,53593,64577
1386093,Venkata ramana colony,Hyderabad,1,2726029,62297,76566
1402804,Thevara,Kochi,2,2716092,53921,62640
1389691,Kharadi 2,Pune,1,2699169,63731,73287
1403029,Poppys Hotel,Madurai,2,2691355,59519,68561
1394676,Thampanoor,Trivandrum,2,2681329,49326,56713
1387569,Poojappura,Trivandrum,2,2681159,51840,59284
1403051,Eksar,Mumbai,1,2673047,57147,66372
1384139,Tin Factory,Bangalore,1,2672570,62106,72799
1398756,Ambattur Estate Road,Chennai,1,2668666,57803,68698
1387633,Cooke Town,Bangalore,1,2662737,56114,66885
1401251,Teynampet,Chennai,1,2660418,54017,66209
1392080,BDA Complex HSR,Bangalore,1,2651983,57879,68856
1398448,VK Puram,Tirupati,2,2627888,66312,82966
1388112,BEML,Bangalore,1,2626664,60276,70580
1397026,Parasakthi nagar,Chennai,1,2615055,61461,72524
1404757,Nerul - MP,Mumbai,1,2614310,54840,64523
1405006,Munjoba nagar,Pune,1,2613374,64067,72987
1389633,Sapphire Mall,Gurgaon,1,2612629,53327,63739
1386265,Thuraipakam,Chennai,1,2601649,56664,67011
1403025,Cholambedu,Chennai,1,2589299,64211,75466
1398760,Matunga East,Mumbai,1,2589046,53112,63417
1404607,Madeenaguda  - MP,Hyderabad,1,2586162,58059,71576
1382870,Mylasandra,Bangalore,1,2583622,58087,69273
1385645,Ghansoli,Mumbai,1,2579794,55847,64383
1396287,Puthagaram,Chennai,1,2570845,59180,70138
1396293,Alkapuri Township,Hyderabad,1,2564217,57392,71467
1386448,Tirumurthy Nagar,Chennai,1,2548033,51742,63753
810366,Rajidi Retail Pvt Ltd Andheri East,Mumbai,1,2537907,53976,63377
1404673,Hennur,Bangalore,1,2536006,57779,68001
1399696,Kodambakkam,Chennai,1,2524448,55682,66156
1319696,Bhagwati Stores Pvt Ltd Bandra West Khar,Mumbai,1,2516671,47397,58739
1239157,Greenmania Modern Retail Pvt Ltd Begur,Bangalore,1,2510685,59298,69147
1403046,Alpha Homes Megapod,Pune,1,2494535,58714,68491
1401254,Sector 19,Gurgaon,1,2489260,49903,59547
1382426,Kwickbox Retail Pvt Ltd Anna Nagar Main,Chennai,1,2480945,54373,64624
1400561,DLF Cyber city,Hyderabad,1,2464812,51778,62594
1278165,BHAGWATI STORES PRIVATE LIMITED Mulund West,Mumbai,1,2462669,52599,61811
1404643,PCMC,Pune,1,2461163,55966,66052
1396291,Sreekaryam,Trivandrum,2,2453097,45140,52247
1399704,Thrippunithura,Kochi,2,2448600,51647,59912
1399347,Trichy Central,Trichy,2,2447367,48732,56525
1319695,SETRON RETAIL PVT LTD Thengode,Kochi,2,2444479,47185,54195
1389690,CR Park,Delhi,1,2443892,51753,59825
1382868,Esperar Retail Private Limited Nanjappa Circle,Bangalore,1,2437606,54879,66091
1386536,Vasant Square Mall,Delhi,1,2425839,48013,56492
1336659,Bhagwati Stores Pvt Ltd Thane West,Mumbai,1,2425117,53242,62461
1404583,Kodigehalli,Bangalore,1,2422170,57463,68608
1398439,Jawahar Nagar,Chennai,1,2420082,57681,67988
1400546,Sabrinagar,Bangalore,1,2418725,54026,63833
1386714,ORR - RMZ,Bangalore,1,2416212,54178,64641
1261840,Kwickbox Retail Pvt Ltd Hafeezpet,Hyderabad,1,2405059,55067,69732
1402806,Container Yard - MP,Mumbai,1,2404682,51913,60680
1403723,Begur Fort,Bangalore,1,2393894,55718,66340
1396295,Sion East,Mumbai,1,2393224,50057,58913
1390217,Kyalasanahalli,Bangalore,1,2392056,53357,64426
1396296,Hiranandani MBC Park,Mumbai,1,2391438,53352,61958
1404786,Kasturi Nagar,Bangalore,1,2385445,54792,64804
1229994,Foclo Technologies Pvt. Ltd. PunjaGutta,Hyderabad,1,2385308,49086,62930
1399705,Central Manipal,Manipal,2,2369689,55889,66130
1404906,Prestige Ozone,Bangalore,1,2362791,51039,60231
1384969,Chandivali,Mumbai,1,2353927,48075,56538
1402983,Secunderabad 2,Hyderabad,1,2348618,52978,65711
1387564,Bachupally 2,Hyderabad,1,2347161,55434,68927
1390229,Pashan Gaon,Pune,1,2338840,53912,62590
1394671,Kuberan Nagar,Chennai,1,2335037,53505,62907
1402264,Apex Mulund,Mumbai,1,2325169,48673,57718
1403139,HSR Sector 1,Bangalore,1,2312792,49900,58245
1394669,P & T Layout,Bangalore,1,2311666,51395,60805
1404444,Bapuji Nagar - MP,Bhubaneswar,2,2308547,51748,61003
1397027,Sarvanampatti,Coimbatore,2,2307228,45733,52834
1381969,Spwave Pvt Ltd Lingarajapuram,Bangalore,1,2296803,51733,61077
1237254,Sahayu Retail Pvt Ltd Yapral,Hyderabad,1,2295492,49848,64252
1404622,Huda Layout,Hyderabad,1,2293064,51136,62395
1404662,T C Palya,Bangalore,1,2292350,54567,64969
1382707,Spwave Pvt Ltd Gottigere,Bangalore,1,2288660,52832,62739
1403044,Hinjewadi Megapod,Pune,1,2287419,54964,62524
1396290,Velliparamba,Kozhikode,2,2286383,48666,54783
1403420,Edapally North,Kochi,2,2284629,44830,51761
1404642,Mira Road - MP,Mumbai,1,2282507,50956,59843
1387560,Anantnagar,Bangalore,1,2281973,55690,65949
1381276,Setron Retail Pvt Ltd Alandur,Chennai,1,2269923,51244,60348
1386846,Taloja Jail Road,Mumbai,1,2268056,49674,58683
1404591,Srinidhi Layout,Bangalore,1,2261341,51802,61866
1404766,Santhome,Chennai,1,2261126,48122,58552
1401248,Falcon City,Bangalore,1,2254570,49192,58794
1380523,Kwickbox Retail Pvt Ltd Abhyudaya Nagar,Hyderabad,1,2254024,52894,66502
1404671,Kannuru,Bangalore,1,2253566,48749,58431
1404451,Kilpauk Garden Road,Chennai,1,2250137,47362,56736
1404168,Silk Institute,Bangalore,1,2249756,51998,62544
1391892,Semmencheri,Chennai,1,2248848,51209,60398
1392529,Trichy link road,Coimbatore,2,2246394,42991,50325
1400929,Red Rhino,Bangalore,1,2242399,49701,58756
1237261,Bhagwati Stores Pvt Ltd Borivali East,Mumbai,1,2239742,47981,56534
1400216,SNN Clermont,Bangalore,1,2236072,48332,58301
1388138,Perumbakkam,Chennai,1,2235329,50041,58725
1399703,Nehru Stadium,Kochi,2,2233917,43798,50755
1403417,Krishna Reddy Layout,Bangalore,1,2231391,48752,59188
1383129,Kukatpally,Hyderabad,1,2224428,46558,57743
1231052,Greenmania Modern Retails Pvt Ltd HSR 3,Bangalore,1,2222610,48532,57218
1389251,Kannamangala,Bangalore,1,2215981,49527,58097
1398755,AIIMS,Delhi,1,2214466,43491,50438
1381500,Foclo Technologies Pvt Ltd Telecom Factory,Mumbai,1,2211577,47840,56389
1390216,Iblur,Bangalore,1,2209221,47088,56887
1404581,Varthur,Bangalore,1,2206444,48663,57032
1402455,Peringavu,Thrissur,2,2206066,48806,57996
1399700,Malviya Nagar main,Delhi,1,2205791,49625,57146
1381160,Kwickbox Retail Pvt Ltd Gopanpally,Hyderabad,1,2205260,49198,59898
1381277,Setron Retail Pvt Ltd Vidya Nagar,Kochi,2,2201624,44130,51699
1385942,Thigalarapalya,Bangalore,1,2200399,50451,59698
1404681,Majiwada - MP,Mumbai,1,2195749,47947,55294
1403023,Shanthi Colony,Chennai,1,2189042,47921,57849
1402452,Action Area,Kolkata,1,2185290,53075,61681
1400922,Provident Sunworth,Bangalore,1,2180432,50552,59813
1398759,Sector 30 Rabale,Mumbai,1,2178631,50390,58158
1402474,WCC Road,Nagercoil,2,2176237,48198,55119
1393566,Ayappanthangal,Chennai,1,2175845,47182,55553
1404584,Kamal Cinema,Delhi,1,2169706,44050,52230
1402070,Peroorkada,Trivandrum,2,2168396,41319,47494
1404789,My Home Tarkshya,Hyderabad,1,2163691,43945,55502
1397625,Sector 142 Noida,Noida,1,2156851,47048,54280
406774,Aariga Strategy Consultant Pvt Ltd Malviya,Delhi,1,2149993,44168,52010
1381021,Growgreenherbs Modern Retails Pvt Ltd Chandra Layt,Bangalore,1,2145609,53299,62084
1381355,Kwickbox Retail Pvt Ltd Barkatpura,Hyderabad,1,2141950,47949,60485
911033,Greenmania Modern Retails Pvt Ltd Laggere,Bangalore,1,2141545,49189,59528
1390351,Margao,Goa,2,2136049,39924,46108
1399809,Marol,Mumbai,1,2133270,43109,51214
1404676,Malleshwaram West,Bangalore,1,2131182,43311,53691
1401485,Kalpataru Parkcity,Mumbai,1,2129930,47207,54851
1401077,Central Allepy,Alappuzha,2,2129245,46193,53664
1404811,Sikenderguda,Hyderabad,1,2124318,49424,61792
1382349,Esperar Retail Pvt Ltd Ranka Colony,Bangalore,1,2110582,47176,55570
1404453,Bopal - MP,Ahmedabad,2,2109556,46219,54732
1380447,Growgreenherbs Modern Retails Pvt Ltd Seegehalli,Bangalore,1,2105980,49482,58703
1403353,Lavelle Road,Bangalore,1,2103547,42352,52040
1400549,Jharsa Village,Gurgaon,1,2099715,43984,51647
1404751,Naupada,Mumbai,1,2098913,45486,52785
1399698,Korattur,Chennai,1,2098857,47506,56244
1381971,B & H Entertainment (I) Pvt Ltd Taliegao,Goa,2,2096219,38882,45543
1402948,Wilson Garden,Bangalore,1,2079363,47887,57382
1389688,Allwyn Colony,Hyderabad,1,2076858,51266,63069
1400603,Egmore,Chennai,1,2068002,43912,52885
1403722,Subramanyapura,Bangalore,1,2060558,48146,57256
1404945,Green glenn,Bangalore,1,2059388,46670,55477
1403460,Santoshpur,Kolkata,1,2045025,49092,58220
1392530,Chintalkunta,Hyderabad,1,2041457,48106,60600
1230880,Setron Retails Private Limited Virugambakkam,Chennai,1,2037416,44862,52995
1402777,Saket - MP,Delhi,1,2036749,44500,51270
1386268,Datar Manzil,Hyderabad,1,2036520,45336,56320
1403457,Vennala,Kochi,2,2032451,41071,47182
1404613,Shushat Lok,Gurgaon,1,2029696,41286,48947
1382354,Kausar Bagh,Pune,1,2025096,45519,53523
1402049,Pallikaranai,Chennai,1,2024567,46183,53880
1402449,B K Guda,Hyderabad,1,2019772,46398,57196
1381643,Foclo Technologies Pvt Ltd Uthalsar,Mumbai,1,2018200,43411,50948
1404900,Thirumala,Trivandrum,2,2010779,38849,44627
1404667,Ranganatha Puram,Chennai,1,2009406,43467,51679
1403211,Vadale Lake - MP,Mumbai,1,2007617,46233,53685
1398437,Kengeri Satellite Town,Bangalore,1,2005253,48393,58116
1404764,Jakkasandra,Bangalore,1,1999393,43372,51435
1335483,Foclo Technologies Pvt Ltd Seawoods,Mumbai,1,1999271,42042,49989
1396285,RR Nagar,Bangalore,1,1993316,45694,54617
1395722,Murgesh palya,Bangalore,1,1991794,46484,53766
1400224,Thevally,Kollam,2,1985197,42950,48479
1346590,Foclo Technologies Pvt Ltd Mira Hubtown,Mumbai,1,1982205,44364,52487
1394682,Alto Porvorim,Goa,2,1973849,35291,40885
1404167,Cherry County - MP,Noida,1,1971655,43544,51734
1383135,Aundh Gaon,Pune,1,1970107,45137,52708
737088,Citius Retail Pvt Ltd Madhapur,Hyderabad,1,1970064,37507,49616
1398449,Rockfort,Trichy,2,1967899,39265,46523
1397030,Govindapuram,Kozhikode,2,1967359,42429,47752
1402440,Shikarlipalya,Bangalore,1,1963536,42751,50237
1404997,Gurunagar,Mangalore,2,1959297,44364,51656
1404748,Puppalguda 3,Hyderabad,1,1954113,46162,56779
1062418,B&H ENTERTAINMENT (I) PVT LTD Dahisar WEST,Mumbai,1,1953570,41924,48664
1404578,Tatapuram,Kochi,2,1953188,36908,43557
1394450,Mehroli,Delhi,1,1948818,44943,51493
1404932,T Nagar New,Chennai,1,1948776,43216,51841
1402251,BITS Goa,Goa,2,1945208,35800,41400
1404898,Banashankari 3rd Stage,Bangalore,1,1936324,46336,56572
1383572,Foclo Technologies Pvt Ltd Jublee Hills Checkpost,Hyderabad,1,1935143,37348,48902
1402060,Thrikkakara,Kochi,2,1932821,38001,43246
1400545,Prestige Royal Gardens,Bangalore,1,1932550,45360,54328
1404824,Anyara,Trivandrum,2,1926782,35642,41159
1401109,Magarpatta city,Pune,1,1925469,43941,50609
1404886,Kannagi Nagar - MP,Chennai,1,1913611,42283,48741
1404615,Suskhind Phata,Pune,1,1909051,44026,50743
1403362,Paravur Road,Kochi,2,1907171,39951,46202
1396027,Pragathi Nagar Phase 1,Hyderabad,1,1906624,45609,56126
1392533,Mudaliarpet,Pondicherry,2,1903541,40567,45887
1404806,Anna University,Chennai,1,1899041,39909,48324
1380621,SGE Retail Services Pvt Ltd Beck Bagan,Kolkata,1,1890685,39642,49147
1404885,Ambalamukku - MP,Trivandrum,2,1883167,34777,39991
1084119,B&H ENTERTAINMENT (I) PVT LTD BELAPUR,Mumbai,1,1881135,39091,46107
1401252,Thudiyalur,Coimbatore,2,1879627,35875,42146
1404953,Techno park,Trivandrum,2,1875796,35205,39164
1393573,Dattawadi,Pune,1,1871111,45607,51821
1295148,BHAGWATI STORES PRIVATE LIMITED Juhu,Mumbai,1,1869600,35001,42555
1382254,Esperar Retail Private Limited Yemalur,Bangalore,1,1858991,40207,47883
1404910,MG Layout,Nellore,2,1858600,41136,50905
1402246,Siruseri,Chennai,1,1858427,42360,49057
1402446,Vadavalli,Coimbatore,2,1856142,37356,43334
1386717,Suchitra,Hyderabad,1,1847739,38541,48585
1389007,Lawspet,Pondicherry,2,1846928,38137,43254
1402618,Nyati Megapod,Pune,1,1843858,40278,47400
1380623,Aariga Strategy Consultants Pvt Ltd DLF Cyber Hub,Gurgaon,1,1840265,45052,51469
1403833,Mangadu,Chennai,1,1830353,45238,52728
1402808,Life Republic,Pune,1,1826440,47131,53542
1395433,Public Garden,Warangal,2,1824058,37433,47573
1402682,Kanchi East,Kanchipuram,2,1823624,42054,48915
1402445,Mugalivakkam,Chennai,1,1817860,41529,48134
1383382,Setron Retail Pvt Ltd Kakkanad,Kochi,2,1811256,35410,40777
1404590,Koramangala 7th Block,Bangalore,1,1805560,40372,46628
1404893,Nizampet Village,Hyderabad,1,1802700,42601,52840
1402610,A S Rao Nagar - MP,Hyderabad,1,1801544,37693,47738
1402442,Chinnapa Layout,Bangalore,1,1792159,42760,51770
1389252,Pammal,Chennai,1,1788652,41273,48345
1381835,Roj Retails Pvt Ltd Rajendra Place,Delhi,1,1786967,41300,48886
810364,Citius Retail Pvt Ltd Miyapur,Hyderabad,1,1785560,43098,53616
1402268,Hingne Stree,Pune,1,1784375,42786,48667
1403213,Ardee city Sec 52,Gurgaon,1,1782669,39161,45611
1395429,Mysore University,Mysore,2,1782558,40588,49006
1382167,Roj Retails Pvt Ltd Sector 76,Noida,1,1778243,39886,46752
1397623,Lokanayaka Nagar,Mysore,2,1777649,41016,49341
1404866,Butterfly Circle,Hyderabad,1,1776806,41568,50515
1389632,Gaothan,Mumbai,1,1776387,40850,46828
1385946,Jaipuria Mall,Noida,1,1775479,40218,47345
1239163,PYD Retail Pvt Ltd DLF Phase 1 (Sec 42),Gurgaon,1,1772224,34535,41446
1402444,Nimhans,Bangalore,1,1771029,38453,45456
1278169,Roj Retails Private Limited Sec 67 GGN,Gurgaon,1,1764340,34894,42085
1401258,Osman Nagar,Hyderabad,1,1760785,38302,48515
1399355,Jakkur,Bangalore,1,1756471,38060,45978
1382708,Airport Road,Pune,1,1753402,38889,45241
1399706,Devicha Pada,Mumbai,1,1751891,41268,47559
1397627,Bhavani Nagar,Vellore,2,1742129,44687,52425
1314371,BHAGWATI STORES PVT LTD Vasai Virar,Mumbai,1,1741638,39500,46789
1386534,Katai Pipeline Road,Mumbai,1,1736148,38779,45439
1390222,George Town,Chennai,1,1735069,41585,49808
1380531,Kelambakkam,Chennai,1,1734640,41747,48130
1400961,Padmanabhnagar,Bangalore,1,1733654,39800,47748
1002694,Genuino Marketing Pvt Ltd Kovilambakkam,Chennai,1,1733532,39274,45630
1386813,Moggapair East,Chennai,1,1731137,38813,45813
1404838,Elammakara - MP,Kochi,2,1728642,34226,39238
1404909,Lamington Road,Mumbai,1,1728515,33084,40751
1403036,Ivy Estate Road,Pune,1,1722068,42245,48278
886521,Citius Retail India Pvt Ltd  Yosufguda,Hyderabad,1,1721323,42208,52331
1398454,Sector 50,Gurgaon,1,1720921,33052,39684
1400218,AIIMS-BBSR,Bhubaneswar,2,1718501,37780,43714
1401110,Kalena Agrahara,Bangalore,1,1715689,37628,44691
1401649,Manglapuri,Delhi,1,1712147,37382,44045
1385649,Pranjali Patil Nagar,Pune,1,1711592,39437,45347
1402266,Muthialpet,Pondicherry,2,1709037,34652,39383
1402458,Ulwe,Mumbai,1,1706657,40146,46232
1402257,Kushaiguda,Hyderabad,1,1706447,38376,48454
1395729,Undri,Pune,1,1705847,39748,46268
1400977,Takka Naka,Mumbai,1,1701229,39914,46222
1397045,Kaniyapuram,Trivandrum,2,1700613,32093,36189
1404618,KB Layout,Tirupati,2,1694054,39694,48977
1403175,JP 9th Phase,Bangalore,1,1692903,39993,47938
1386712,Yelahanka new town,Bangalore,1,1692341,37906,45514
1396288,Singanallur,Coimbatore,2,1690994,30835,36863
1404568,Revenue Colony,Tirupati,2,1684241,38891,48443
1393567,Poonamalee,Chennai,1,1683975,37847,44496
1386811,Vejalpur,Ahmedabad,2,1682991,40455,46550
810362,CITIUS RETAIL Pvt Ltd Perungudi 2,Chennai,1,1681461,35797,42382
1393827,Satadar Nagar,Hyderabad,1,1679748,38172,47290
1404588,Santosh Nagar,Chennai,1,1667803,38536,44579
1404877,AG Nagar,Mumbai,1,1665235,37639,43656
1393570,Aluva,Kochi,2,1664064,32913,38354
1382871,PYD Retail Pvt Ltd Chandar Vihar,Delhi,1,1661800,33784,40122
1382351,B & H Entertainment (I) Pvt Ltd Porvorim,Goa,2,1661642,29495,34275
1402061,Angamalai,Kochi,2,1660487,35054,40912
1402780,Ayathil,Kollam,2,1657164,35350,40131
1190779,B&H ENTERTAINMENT (I) PVT LTD KANDIVALI EAST,Mumbai,1,1654032,35683,42033
1399348,Mytri nagar,Vijayawada,2,1653899,31599,39017
1401652,Goodwill Sqr Lohegaon,Pune,1,1653834,39966,46058
1381832,Kwickbox Retail Pvt Ltd Natham,Chennai,1,1651065,35477,41621
1386163,Nanded City,Pune,1,1649638,41230,46787
1388453,Balewadi,Pune,1,1649216,37329,42699
1400926,Palluruthy,Kochi,2,1645827,38603,44550
1387907,Ambatur,Chennai,1,1644521,40777,47484
1404448,Colaba Police Colony,Mumbai,1,1643319,30876,37463
1403456,Tanjavur Medical College,Thanjavur,2,1642358,41577,47481
1395427,Brindavan Gardens,Guntur,2,1641575,29957,37939
1392082,Siolim Goa,Goa,2,1640758,27215,31132
1394675,Kazhakootam,Trivandrum,2,1640754,29686,33720
1396289,Anand Bagh,Hyderabad,1,1637727,39188,49164
788745,Bhandup,Mumbai,1,1635952,34232,39778
1402460,Shubhodaya Hospital,Mysore,2,1635696,40242,48799
1404627,Jaypee Kasa,Noida,1,1634549,36980,41948
1404943,Vidya Theatre,Chennai,1,1633792,39494,45484
1238357,Foclo Technologies Pvt Ltd Sagarli Gaon,Mumbai,1,1632108,37244,43121
1398746,Bomikhal,Bhubaneswar,2,1631137,36386,42615
867466,GETMAX GLOBE PRIVATE LIMITED Chinar Park,Kolkata,1,1629567,39363,47287
1404783,Cyber Gateway,Hyderabad,1,1626405,33707,41354
1403144,Prestige Park Square,Bangalore,1,1622563,38975,48056
1404902,Neelankarai,Chennai,1,1622293,34500,41451
1403363,Rammurthy Nagar,Nellore,2,1620931,37670,46071
1135721,B&H ENTERTAINMENT (I) PVT LTD GOREGAON2,Mumbai,1,1618907,33432,39488
1385839,Gangaputra Nagar,Hyderabad,1,1614242,38622,47405
1398447,Gugai,Salem,2,1612173,40941,48836
1402069,Arulananda Nagar,Thanjavur,2,1611554,41269,47487
1402473,Tumkur Central,Tumakur,2,1609860,41372,49558
1388387,Kalyan East,Mumbai,1,1605430,37150,43256
1403020,MG Road,Bangalore,1,1602411,31905,39135
1402457,Dwarka Sector 19,Delhi,1,1601541,32291,38259
1404750,Udupi,Manipal,2,1599000,37470,44958
1386385,Bengaluru Badootaa,Bangalore,1,1598274,37904,45063
1402073,KK Nagar,Trichy,2,1598153,33437,38824
1230883,B&H ENTERTAINMENT (I) PVT LTD Oberai Mall,Mumbai,1,1593942,33746,39906
1388314,Wanwadi New,Pune,1,1592457,34964,40978
1402071,Adat road,Thrissur,2,1591200,35401,41831
1403470,Fiza Mall,Mangalore,2,1584918,32914,38975
854384,CITIUS RETAIL PVT LTD PALLAVARAM,Chennai,1,1584313,35888,42280
1400976,Arapalayam,Madurai,2,1584173,35226,40176
1399810,VST Junction,Hyderabad,1,1583728,34879,43298
1404755,Azadpur,Delhi,1,1580985,34592,40435
1400231,Kandivali,Mumbai,1,1580161,35061,41219
1402802,Agaram Then,Chennai,1,1576920,37399,44072
1403835,Nagole,Hyderabad,1,1575383,35658,44245
1389254,Ravet,Pune,1,1567500,37225,42673
1395723,Rajakilpakkam,Chennai,1,1562887,36564,42931
1401463,Singasandra,Bangalore,1,1560642,36349,42922
1167234,GetMax Globe Haltu 2,Kolkata,1,1559245,37873,44661
1396467,Yeshwantpur,Bangalore,1,1558722,33760,39736
1401464,Symphony Mall,Bhubaneswar,2,1556374,34538,40108
1387703,RK Studios,Mumbai,1,1556281,32197,37776
1082432,Genuino marketing Pvt ltd Nizampet4,Hyderabad,1,1556270,36131,44854
1400220,Shalibanda,Hyderabad,1,1556160,36598,46523
1404837,Chetpet,Chennai,1,1554120,31346,37831
1381356,Kwickbox Retail Pvt Ltd Hitech City,Hyderabad,1,1547418,31948,39245
1389257,District Centre,Bhubaneswar,2,1546492,34425,40131
1381561,Foclo Technologies Pvt Ltd Hawaiian Village,Mumbai,1,1546215,34419,39881
1401275,Central Kumaran Nagar,Tirupur,2,1544937,36763,43783
1404995,Chembumukku,Kochi,2,1533987,29819,34015
1395734,Nehru Nagar,Thrissur,2,1533346,33741,40424
1404965,Nalanda Lane,Trivandrum,2,1532558,28262,32725
1401079,C Camp,Kurnool,2,1532518,29646,38151
1385835,Beratena agrahara,Bangalore,1,1531912,35916,41535
1386449,Manapakkam,Chennai,1,1525916,33257,38659
1383130,Swinsta Ent Pvt Ltd Dhobi Talao,Mumbai,1,1523178,29096,35839
1404582,Kakatiya Nagar,Hyderabad,1,1521048,36600,45297
1400927,Moshi,Pune,1,1515695,37585,43010
1401473,Tirumalgherry,Hyderabad,1,1515581,32584,40547
1401253,Podanur,Coimbatore,2,1514030,30554,35363
1386948,East Of Kailash,Delhi,1,1513727,31488,36738
1403185,Rajagiri Hospital,Kochi,2,1512528,32129,37469
1403465,Kulashekhara,Mangalore,2,1506751,33322,38893
1395428,DLF Sec 54,Gurgaon,1,1503763,30537,35948
1386386,Puttanahalli,Bangalore,1,1503005,33834,40714
1386816,Attapur,Hyderabad,1,1500299,35771,44328
1401470,Madhura Nagar Colony,Hyderabad,1,1497523,32112,39577
1383827,Roj Retails Pvt Ltd Sector 39 Jharsa(Franchisee),Gurgaon,1,1492944,32877,38364
1402613,Perumbavoor,Kochi,2,1492360,31581,37556
1404931,Karaparamba Junction,Kozhikode,2,1491121,31992,35579
1401465,Sum Hospital,Bhubaneswar,2,1490704,31950,37262
1403021,Kanan Vihar,Bhubaneswar,2,1489233,30897,36093
1395728,Katai Village,Mumbai,1,1487544,34570,40268
1398747,Kalinga,Bhubaneswar,2,1485965,33201,38820
1386814,Baga,Goa,2,1484148,25671,29664
1404867,Virupatchipuram,Vellore,2,1481857,36229,41631
1396660,Bhartiya city,Bangalore,1,1481146,31646,37821
988472,Citius Retail India Pvt Ltd  Lakdikapul,Hyderabad,1,1480783,34666,43290
1387568,Vatika CIty Ggn,Gurgaon,1,1477008,32175,37997
1403759,Senjai,Karaikudi,2,1475948,39633,46736
1385944,Habsiguda,Hyderabad,1,1474124,33277,41176
1403453,Vital Chowk,Pune,1,1473606,32934,38091
1404944,Silk Board,Bangalore,1,1467355,35277,40575
1381848,Spwave Pvt Ltd Vinayaka Nagar,Bangalore,1,1466560,33017,39099
1401080,Bangarpet,Kurnool,2,1457639,27775,35346
1169284,GetMax Globe Haltu 1,Kolkata,1,1454489,32555,39877
1393824,Celebration Mall,Ahmedabad,2,1449937,32040,37890
1399702,Eroor,Kochi,2,1448371,29736,34002
1404794,Agrahara Layout - MP,Bangalore,1,1446869,32861,39164
1391901,Ramavarapadu,Vijayawada,2,1445032,28706,35447
1404754,Kothrud - MP,Pune,1,1444386,34657,39448
1402786,Reddiarpalayam,Pondicherry,2,1443970,31904,36046
1389638,Kalpataru,Hyderabad,1,1441186,32740,40466
1237709,Greenmania Modern Retail Pvt Ltd Kumaraswamy L,Bangalore,1,1439725,33450,39737
1267913,Kwickbox Retail Pvt Ltd Mithila Nagar,Hyderabad,1,1437760,31734,40012
1404936,Kad Wasti,Pune,1,1434019,32687,38002
1404907,Marathon Nexzone,Mumbai,1,1433264,32384,37778
1403560,Chimbel,Goa,2,1431137,25578,29264
1404610,Dwarka Sec 14,Delhi,1,1430678,30451,35729
1403749,RPC Layout,Bangalore,1,1429098,33271,39595
1404993,Parel Village,Mumbai,1,1422184,28210,33394
1388684,RS Puram Main,Coimbatore,2,1414771,26335,31267
1392081,Cujira Ward,Goa,2,1410725,25229,29088
1401274,Khadarpet West,Tirupur,2,1410561,34547,40798
1402051,Ramanthapuram,Coimbatore,2,1410524,25392,30124
1403048,Koorakanchery,Thrissur,2,1410512,31085,36875
1380710,Growgreenherbs Modern Retails Pvt Ltd Rayasandra,Bangalore,1,1409872,33703,39417
1400553,Kalwa,Mumbai,1,1406181,31650,36341
1082435,B&H ENTERTAINMENT (I) PVT LTD KHARGHAR,Mumbai,1,1405899,30240,35386
1387705,Nawada,Delhi,1,1404584,34050,39903
1402048,HMT Qtrs,Bangalore,1,1396087,32158,37789
1401266,Runwal Garden,Mumbai,1,1394851,31777,36812
1404677,Edachira,Kochi,2,1394471,26784,29896
1392083,Sector 53,Gurgaon,1,1394423,26617,31863
1401657,Kuvempu Road,Shivamogga,2,1394388,29449,35306
1404816,My Home Bhooja,Hyderabad,1,1388599,25942,32930
1404758,PunjaGutta - MP,Hyderabad,1,1380717,27224,34830
1395432,TPT Colony,Vizag,2,1379836,27936,34278
1402775,Tondiarpet Road,Chennai,1,1378353,34102,39649
1389634,Gaur City 2,Noida,1,1376262,31099,36737
1401107,Gajula Ramaram,Hyderabad,1,1375984,33911,41319
1388197,Salt Lake Sector V,Kolkata,1,1375423,31023,37258
1402067,Kalpathy,Palakkad,2,1374760,39008,45208
1402471,Changanassery,Thiruvalla,2,1373372,29878,34715
1395430,Sector 9,Noida,1,1372812,30283,35460
1382981,Kwickbox Retail Pvt Ltd Arvind Nagar colony,Hyderabad,1,1369059,30193,37970
1404926,VIP Nagar,Coimbatore,2,1367966,27126,31150
1402261,Moonamkutti,Kollam,2,1365363,29960,33801
1404881,Serilingampalle,Hyderabad,1,1365277,28526,34928
1403976,Sector 42B,Chandigarh,2,1360666,35599,42765
1398757,Phase I Sector 20 GGN,Gurgaon,1,1360483,29074,33766
1404663,Kazipet,Warangal,2,1359235,29164,35997
1403841,Ettumanoor,Kottayam,2,1359062,26947,31276
1398440,Mahindra City,Chennai,1,1358715,33991,39110
1404851,Otteri,Chennai,1,1358133,31759,37036
1404477,Prahladnagar - MP,Ahmedabad,2,1356853,29296,34501
1314370,SGE Retail Services Pvt Ltd Rajpur Sonapur,Kolkata,1,1356100,33732,40192
1403142,Mannuthy,Thrissur,2,1353971,30803,36521
1398441,AMR Planet,Hyderabad,1,1352741,30306,37961
901840,GETMAX GLOBE PVT LTD TOLLYGUNGE,Kolkata,1,1350160,33809,40165
1381358,Getmax Globe Pvt Ltd MVP Double Road,Vizag,2,1348444,26696,32661
1383570,Bodakdev,Ahmedabad,2,1347596,27584,33229
1386096,Tiljala,Kolkata,1,1345987,32336,38380
1402476,Pradhikaran,Pune,1,1345597,32794,37694
1386266,Porur,Chennai,1,1343577,29411,34387
1402443,Holiday Village,Bangalore,1,1339771,29781,35019
1403359,Peelamedu - MP,Coimbatore,2,1336330,26391,30464
1403177,Wimco Nagar,Chennai,1,1328253,35091,41055
816649,Citius Retail Pvt Ltd Tarnaka,Hyderabad,1,1326882,29541,36683
1397051,Vile Parle,Mumbai,1,1326881,25969,31451
1400972,Chungam,Kottayam,2,1326658,27184,31280
1393568,Urapakkam,Chennai,1,1326646,32135,37001
1404928,Kuttar,Mangalore,2,1325172,28763,32642
1404958,Goregaon East (NESCO),Mumbai,1,1325122,27046,31901
1400223,Kalipur,Kolkata,1,1324136,34157,40975
1388390,Labipet,Vijayawada,2,1322908,25440,32029
1403181,Vaneli,Goa,2,1322092,23371,26637
1401249,Washermenpet,Chennai,1,1319980,32231,37304
1391894,B N Reddy Nagar,Hyderabad,1,1317652,29943,37311
1404574,Saidabad,Hyderabad,1,1314522,30333,37959
1387076,Sargasan Gandhinagar,Ahmedabad,2,1313723,30063,34484
1404855,Mirpet,Hyderabad,1,1313647,33455,41265
1404964,Nahar\'s Nectarfield,Mumbai,1,1313242,27396,32011
1404901,Madambakkam - MP,Chennai,1,1311930,31159,36660
1155153,Genuino marketing Pvt ltd Bowenpally Alwal2,Hyderabad,1,1309078,29286,36790
1238352,Sahayu Retail Pvt Ltd Nizampet 6,Hyderabad,1,1308068,29041,36715
1380898,Growgreenherbs Modern Retails Pvt Ltd BT P Layout,Bangalore,1,1307241,30449,36292
1400923,Gerumbakkam,Chennai,1,1297890,30513,35382
1404592,Cyber city,Gurgaon,1,1297730,29632,33856
1404771,Bethany Hospital,Mumbai,1,1297593,28305,32903
1394673,Bhekrai,Pune,1,1295252,31512,36181
1404650,Kovur Nagar,Anantpur,2,1291671,28520,36200
1402441,Arjunappa Layout,Bangalore,1,1290462,31249,37148
1386098,Chamundi Temple,Mysore,2,1287096,29008,34957
1404636,Payakapuram - MP,Vijayawada,2,1286640,25555,31568
1403357,Athipet,Chennai,1,1283930,30126,34950
1387563,Padivattom,Kochi,2,1281409,24562,28630
1403356,Pammal Ganesh Cinemas,Chennai,1,1280713,31639,36539
1402608,Star Mall,Gurgaon,1,1280077,27038,32010
1405015,Kalyani Nagar Megapod,Pune,1,1279048,27977,32251
1385475,Padur,Chennai,1,1278206,28206,32598
1404809,Raigachi,Kolkata,1,1277473,31074,36815
1404604,Choma Village,Gurgaon,1,1275159,27670,32866
1099458,Max Reach Stores Pvt Ltd Laxmi Nagar2,Delhi,1,1274892,28013,32318
1394670,Sobha Garrison,Bangalore,1,1271159,28441,33493
1231805,Greenmania Modern Retails Private Limited Hebbal,Bangalore,1,1270271,30495,36684
1404790,Zamin Pallavaram,Chennai,1,1268021,28807,33644
1401653,Vanagram,Chennai,1,1265766,28158,32452
1237258,Getmax Globe Pvt. Ltd. Garia,Kolkata,1,1255572,31403,37341
1403475,Saibaba Colony - MP,Coimbatore,2,1254877,24252,28523
1380670,Genuino Marketing Private Limited Vijaya Nagar,Chennai,1,1254669,27955,32958
1386719,CP,Delhi,1,1254332,27281,31788
1404580,Benson Town,Bangalore,1,1251841,26503,31979
1403690,Satellite,Ahmedabad,2,1251149,28074,33095
1402269,CMC,Vellore,2,1248817,28090,33744
1402141,Chandapura,Bangalore,1,1248317,30624,36714
1403832,Nerkundram,Chennai,1,1242011,28352,33110
1389256,College Road,Nashik,2,1240348,28384,34276
1400965,Mudichur,Chennai,1,1239907,31200,36287
1403725,Budhena Village,Faridabad,2,1237932,29662,36214
1403354,Vydehi Hospital,Bangalore,1,1237740,24672,29933
1401267,Nyay Khand,Noida,1,1236797,27123,31932
1400557,Tingre Nagar,Pune,1,1235480,29730,33896
1398450,Tadepalle,Vijayawada,2,1235208,24691,30308
1402801,Aminjikarai,Chennai,1,1229295,27312,31862
1062023,Max Reach Stores Pvt. Ltd. Rohini,Delhi,1,1229227,25789,30747
1397618,Shela,Ahmedabad,2,1228413,25667,30489
1388312,Kompally,Hyderabad,1,1223821,26810,34038
1402459,Taloja Phase 2,Mumbai,1,1222220,30653,35149
1394451,Sector 14 Main,Gurgaon,1,1220178,28611,33843
1404848,Bhoj Reddy College,Hyderabad,1,1216058,26984,33825
1404925,Aiswarya Nagar,Palakkad,2,1215373,34204,39199
1402810,Kalamassery,Kochi,2,1215316,25860,29755
1382255,Kwickbox Retail Pvt Ltd Musheerabad,Hyderabad,1,1215126,27240,33692
1230886,PYD  Retail Private Limited Mayur Vihar 2,Delhi,1,1213502,25346,29960
1404844,Jadhavpur,Kolkata,1,1213198,27933,33246
1402774,KLE College,Bangalore,1,1213057,28483,33975
1400985,Kaikatiya University,Warangal,2,1212233,25796,32074
1393575,Vikas Udyan,Pune,1,1212015,31026,35143
1380899,Growgreenherbs Modern Retails Pvt Ltd Hoshalli Ext,Bangalore,1,1206316,28469,34270
810368,Aariga Strategy Consultants Pvt Ltd Munirika,Delhi,1,1204165,25149,29864
1382440,Getmax Globe Pvt Ltd Dwarka Nagar,Vizag,2,1201901,22892,27681
1382258,Aariga Strategy Consultants Pvt Ltd Tulip Society,Gurgaon,1,1197544,25982,30621
1402078,Postal Colony,Kakinada,2,1197247,24526,29058
1404984,Bandra Hill Road,Mumbai,1,1193163,23876,28945
1400556,B Block Sec 122,Noida,1,1190446,27479,31790
1383134,Roj Retails Pvt Ltd Sector 44,Noida,1,1189023,25617,30200
1404644,Bibewadi,Pune,1,1187752,30384,34585
1405004,Mothi Nagar,Hyderabad,1,1187441,32013,38632
1394674,Vesu,Surat,2,1181796,22499,27706
1401654,Nanakpura -Mayapuri,Delhi,1,1179604,25121,29747
1395725,45 Pally,Kolkata,1,1179311,30487,36500
1400964,Patia,Bhubaneswar,2,1177474,24644,28502
1404929,Adambakkam,Chennai,1,1170143,27699,33039
1404951,Halasuru Lake,Bangalore,1,1165744,24240,29279
1388451,West Hills,Kozhikode,2,1165397,23551,26506
1400554,Elymus,Mumbai,1,1164679,26243,30472
1099457,PYD Retail Pvt Ltd Tilak Nagar,Delhi,1,1163610,23668,28451
1397028,Gehlot Farm,Gurgaon,1,1162982,24177,28414
1267917,Roj Retail Pvt Ltd Kailash Colony,Delhi,1,1161075,22560,26760
1403032,Sec 11 Belapur,Mumbai,1,1160004,23893,28109
1404605,LB Nagar,Hyderabad,1,1159534,25893,32126
1401078,Telephone Bhavan,Erode,2,1158106,24974,28730
1404935,Bhartiya City Nikoo Homes,Bangalore,1,1157943,24618,29176
1404596,Sharda Niketan,Delhi,1,1154892,22944,27889
1402052,Inderlok Metro Station,Delhi,1,1153098,25947,30570
1403143,MV Nagar,Thiruvallur,2,1150595,27921,31886
1313712,Growgreenherbs Modern Retail P Ltd ShivajiNagar,Bangalore,1,1147429,22951,28530
1401661,Eco Village,Noida,1,1144105,27008,31883
1383851,Lodi Colony,Delhi,1,1143856,27159,32447
1404585,HiLITE,Kozhikode,2,1141250,22001,24857
1386812,Vasna,Ahmedabad,2,1140788,26116,30797
1403829,Gujarat University - MP,Ahmedabad,2,1140260,24809,29125
1403844,Chalakudy,Thrissur,2,1139583,25196,30056
1388389,Sasthamangalam,Trivandrum,2,1136116,20921,23983
1399807,Sai Nagar,Karimnagar,2,1134718,23366,29557
1382494,PYD Retail Pvt Ltd Jangpura,Delhi,1,1130833,23831,27884
1404659,VTP Leonara,Pune,1,1128573,27770,31313
1401462,Myadarahalli,Bangalore,1,1128181,27477,32139
1403145,JC Mall,Rajahmundry,2,1126733,24898,29392
1404826,MRK Rd Alwal,Hyderabad,1,1126305,24888,30935
1402773,Devanahalli,Bangalore,1,1125888,25932,32038
1401260,Downtown Mall,Kolkata,1,1125748,26355,31259
649851,Aariga Strategy Consultant Pvt Ltd Rajouri,Delhi,1,1118528,22665,27417
1403416,Rajendra Nagar,Mysore,2,1117266,25273,30506
1404808,Patia - MP,Bhubaneswar,2,1117121,24350,28351
1397629,Ponekkara,Kochi,2,1115308,23652,26801
1395726,Rathtala,Kolkata,1,1111991,28988,34440
762613,Citius Retail India Pvt Ltd Kothapet,Hyderabad,1,1111379,26458,32672
1403022,Patrapada,Bhubaneswar,2,1110980,24521,28335
1400558,Kohinoor Begonia,Pune,1,1106277,28238,32342
1404569,Talap,Kannur,2,1105626,22911,25947
1402464,Brooklyn,Pune,1,1105343,26541,30708
1386271,Kohat Enclave,Delhi,1,1103454,22319,26785
1393569,Doon IT Park,Dehradun,2,1102039,27842,32880
1384143,Kakrola Dwarka,Delhi,1,1101821,23094,27210
1384513,Om Vihar,Gurgaon,1,1101142,25060,29438
1404849,Antriksh Golf View,Noida,1,1100183,24839,29314
1402465,Zenobia,Pune,1,1099916,28282,31859
1402469,Rukmini Nagar - MP,Guwahati,2,1099015,24788,28630
649841,Aargia strategy consultant Pvt Ltd Laxmi N,Delhi,1,1092418,23446,27599
1388313,Lake Town,Kolkata,1,1089810,26638,32150
1388452,Bombay Naka,Nashik,2,1087339,24879,30305
1385476,Medavakkam New,Chennai,1,1084497,24397,28479
1388997,VIP Road,Chandigarh,2,1080717,26465,31610
1396283,Byculla East,Mumbai,1,1079602,22770,26647
1404796,Ovari Pada,Mumbai,1,1076194,23006,27156
1404664,Champapet,Hyderabad,1,1075359,23830,30052
1404798,Khorlim - C,Goa,2,1065230,18624,21347
1403455,Sangamvadi,Pune,1,1063398,23597,27573
1402062,Thakurli East,Mumbai,1,1062659,23517,27427
1397628,Mahesh Nagar,Hyderabad,1,1059548,22536,28576
1404769,Navodhaya Nagar,Anantpur,2,1053442,24409,30248
1400217,Ambedkar Road,Belgaum,2,1053214,22347,25842
1390223,Chikan Ghar,Mumbai,1,1050083,23840,27840
1404782,Sadashiv Peth,Pune,1,1049978,24722,28481
1393562,DLF Woodland,Bangalore,1,1048049,24913,29885
1401715,Dabhel,Vapi,2,1047806,23713,28008
1387080,PVR VVIP Ghaziabad,Noida,1,1045582,23758,28675
1387906,Sec 67 Chandigarh,Chandigarh,2,1045077,24899,29259
1382659,Aariga Strategy Consultants Pvt Ltd AV Phase3,Gurgaon,1,1039494,25433,30631
1398754,Urit Nagar Warje,Pune,1,1039164,25575,29268
1403421,Greenage HSR 2,Bangalore,1,1038665,25474,29629
1400221,Moosarambagh,Hyderabad,1,1036961,24271,30082
1397025,Kurali Road,Chandigarh,2,1036835,28931,34053
762550,Aariga Strategy Consultants Pvt Ltd Janakpuri,Delhi,1,1034227,21660,25738
1400602,Mustafa Nagar,Khammam,2,1029054,19446,24236
1401276,GIDC,Vapi,2,1026125,23181,27840
1402456,Chengannur,Thiruvalla,2,1023985,21472,25214
1386535,Subhash Nagar,Delhi,1,1020984,20624,24736
1400219,Kodungaiyur,Chennai,1,1020313,23413,27213
1388686,Pragati Nagar,Mumbai,1,1013949,23113,26992
1389689,Uttam Nagar,Delhi,1,1009856,23324,27370
1388195,Motera,Ahmedabad,2,1009541,24222,28129
1403208,Kwality Market,Delhi,1,1009162,20746,25001
1400548,Paschim Vihar,Delhi,1,1008518,21200,25319
1403313,Tiruverkadu,Chennai,1,1007084,24849,29032
1402788,Ambikapatty,Silchar,2,1006653,29298,33720
1404753,Mula River,Pune,1,1006440,23025,26498
1402453,Kannan Devi Cinemas,Madurai,2,1006142,21873,25052
1403050,Nambiar,Bangalore,1,1005654,23668,29809
1404917,Adarsh Palm,Bangalore,1,1003408,20811,23858
1403206,Shakarpur - Laxmi Nagar,Delhi,1,1000938,24752,28276
1403365,Anandpuri - MP,Patna,2,993992,31890,38300
1402072,Ollur,Thrissur,2,993925,22126,26915
1390221,Chrompet 1,Chennai,1,987497,22267,25945
1237710,Setron Retail Pvt Ltd Villivakkam,Chennai,1,986023,23676,27479
1401265,Kamothe,Mumbai,1,985316,23019,26650
1382166,Max Reach Stores Pvt Ltd Krishna Nagar,Jaipur,2,984894,25094,30249
1401467,Avadi,Chennai,1,984518,23636,27332
1387908,Vagator,Goa,2,983254,15881,18573
1403746,Shamrajpura,Bangalore,1,979891,22614,28109
1403040,Bhugaon,Pune,1,977262,24333,28008
1404672,Thammanam,Kochi,2,977229,19134,21923
1398749,Chanchalguda,Hyderabad,1,974552,20786,26753
1404880,Vaswani Brentwood,Bangalore,1,967038,22721,26816
1402058,Medipally,Hyderabad,1,962847,25719,31340
1397622,Sinthi,Kolkata,1,961776,24485,28970
1393565,Singapura,Bangalore,1,961573,23246,28194
1402250,Vasco,Goa,2,959242,18363,20937
1404620,Samaypur Badli,Delhi,1,954562,21930,25881
1400550,Rethibowli,Hyderabad,1,953756,22325,27853
1396294,Boduppal,Hyderabad,1,948087,23976,29125
1062419,Max Reach Stores Pvt Ltd Karol Bagh2,Delhi,1,946065,19633,23279
1135722,B&H ENTERTAINMENT (I) PVT LTD CHOWPATTY,Mumbai,1,942615,20566,24440
1402670,Timberyard Layout,Bangalore,1,939661,23034,27832
1402087,Vidyaranyapuram,Mysore,2,939158,22525,27033
1404800,Kharadi - C,Pune,1,938356,21436,24646
1404791,KPHB,Hyderabad,1,937039,22906,27845
1402263,Madurai South,Madurai,2,935100,20171,23130
1398748,Telecom Nagar,Guntur,2,934780,18453,22466
1404446,Aldona Madel,Goa,2,923103,15240,18006
1404770,Sushant Lok Phase 1,Gurgaon,1,923046,17379,21101
1386716,New Bolarum,Hyderabad,1,922318,20147,25262
1383383,Pochanpur,Delhi,1,921590,19568,22991
1261842,Roj Retail Pvt Ltd Kirti Nagar,Delhi,1,918909,19111,23105
1381441,Max Reach Stores Pvt Ltd Sub City Center,Chandigarh,2,916318,21828,26635
1229997,PYD  Retail Pvt. Ltd. Patel Nagar,Delhi,1,915268,22024,25486
1403182,Candolim,Goa,2,915107,15827,18104
1381971,Taliegao - MP,Goa,2,915091,13627,15590
1403214,Keshav Nagar,Pune,1,911740,21050,24050
1402784,Nilaje Gaon,Mumbai,1,908768,20970,24446
1404788,Satgachi,Kolkata,1,907653,22861,27084
1401257,KL Reddy Nagar,Hyderabad,1,906650,21527,26615
1381278,Kwickbox Retail Pvt Ltd Chinthal,Hyderabad,1,903857,21742,26539
1404774,Choolai,Chennai,1,900894,19280,23417
1388385,Dammaiguda,Hyderabad,1,900503,22176,27811
1389006,Sector 10A,Gurgaon,1,899807,21471,25459
1402063,Virar East,Mumbai,1,898134,22146,25745
1382982,Manickpore,Kolkata,1,897107,22936,26945
1399806,Kaushambi,Noida,1,896747,18908,22487
1402847,Captain Nagar,Panipat,2,895207,14570,22035
1403831,Sector 70,Chandigarh,2,895106,22696,26563
1404626,Charaktala,Kolkata,1,894998,22549,27173
1381754,Max Reach Stores Pvt Ltd Mansarovar,Jaipur,2,894741,25727,30489
1403843,Adajan Gam - MP,Surat,2,893360,17992,21670
1386912,Sunny Enclave,Chandigarh,2,892728,23204,27244
1400551,Gobra,Kolkata,1,891460,20497,25065
1401245,Sola Road,Ahmedabad,2,891044,21297,24918
1384511,PV Ranikhet,Delhi,1,891011,19064,22571
1403688,Bommasandra,Bangalore,1,888269,20865,25287
1400226,Vasundhara,Noida,1,888187,20524,24227
1402463,Sector 149,Noida,1,887380,19786,22796
1402451,Kumbalam,Kochi,2,886833,19691,22664
929911,B & H ENTERTAINMENT (I) PVT LTD YOJIT ESTATES,Mumbai,1,886147,19209,22793
1391902,Nilambar Palms,Vadodara,2,884272,19901,23456
1403140,Chhatra Bazar,Cuttack,2,882792,21818,25166
1388113,Madhurwada,Vizag,2,882110,17979,21883
1403558,Vadugapatti,Karur,2,880327,21451,25243
1388687,Bhayander,Mumbai,1,879707,19838,23242
1404859,Sec-22,Noida,1,879162,21147,24565
1402054,Parimalam Mahal,Erode,2,878191,18822,22025
1401477,Durgapura,Jaipur,2,878111,24814,29480
1403510,Phse 3B - MP,Chandigarh,2,870133,22974,26740
1403837,Suryanagar,Karimnagar,2,870125,17302,21960
1402075,Tulasipur Colony,Cuttack,2,865455,18841,22004
1403415,Thakurpur,Kolkata,1,865267,22352,26451
1404856,Sanath Nagar,Vijayawada,2,860973,17840,21446
1382355,B & H Entertainment (I) Pvt Ltd Bharthana,Surat,2,859673,16582,20294
1402454,Kondhwa,Pune,1,856510,20782,24340
1388196,Adarsh Nagar,Jaipur,2,856289,21307,25899
1403224,Shirke Layout,Bangalore,1,849878,20651,24616
1382353,SGE Retail Services Pvt Ltd Talbagan,Kolkata,1,848986,23890,27582
1401288,Ulubari,Guwahati,2,848484,19152,22079
1404860,APCO Colony,Hyderabad,1,847960,20415,25594
1402050,Parrys,Chennai,1,847764,19391,23914
1387079,Jagdishpur,Kolkata,1,844486,19877,23299
1403215,Charoli,Pune,1,828035,22292,25509
1394684,Medical College,Guntur,2,823901,15088,18556
1397039,Palanpur Gam,Surat,2,820622,17708,20805
1398130,Hazipur Sector 104,Noida,1,817852,16095,18939
1401714,Sunkadakatte,Bangalore,1,817746,20220,24298
1402778,Pathareddy Palam,Guntur,2,816260,16047,19734
1404765,Tenali,Guntur,2,816199,16628,20540
1392084,Byramji,Nagpur,2,813013,18061,21153
1385945,Keventers,Delhi,1,809685,16080,19423
1403179,Shahdara Megapod,Delhi,1,803464,18249,21277
1400969,Bicholi Mardana,Indore,2,803152,19592,23410
1386095,Patrika Gate,Jaipur,2,803045,21860,26051
1404875,ATS,Noida,1,800682,17633,20567
1403209,Muvattupuzha,Kottayam,2,797800,16584,19146
1404825,Gardenia Glory,Noida,1,797106,18180,21023
1387707,Bhavanipuram,Vijayawada,2,796980,17043,20467
1385642,Navrangpura,Ahmedabad,2,795969,15789,18498
1403838,Kent Mahal,Kochi,2,793978,16111,18381
1401466,Baramunda,Bhubaneswar,2,792420,17438,20276
1387704,NFC,Delhi,1,790577,17794,20938
1404841,IIT - Delhi,Delhi,1,787131,16342,18775
1398451,Pahada,Udaipur,2,785083,21047,24693
1405018,Saki Naka,Mumbai,1,777964,16084,19425
1392532,Manish Nagar,Nagpur,2,776782,18436,21268
1388200,Sec 50 B Block,Noida,1,771352,17449,20409
1400924,Karampura,Delhi,1,766760,15227,18112
1386270,Patuli,Kolkata,1,764647,18853,22318
1346769,Max Reach Stores Pvt Ltd Lalkothi,Jaipur,2,760066,20397,24485
1400606,Sarathi Nagar,Khammam,2,759581,14323,17615
1401713,Crossing Republik,Noida,1,756954,17246,20427
1402053,Burari,Delhi,1,754045,19534,22371
1389255,Ratri Bazaar,Vadodara,2,752252,17272,20080
1385562,Peermuchalla,Chandigarh,2,751720,18693,22348
1403146,Rehmatnagar,Rajahmundry,2,749783,16353,19253
1400978,CIDCO,Nashik,2,749542,17577,21286
1386943,Mayur Vihar Phase 3,Noida,1,748513,17711,20463
1391896,Manicktala,Kolkata,1,744972,19588,23735
1402055,Emaar Palm Hills,Gurgaon,1,742759,16488,19381
1404586,BT College,Kolkata,1,742290,18570,22151
1404842,Unit 5,Bhubaneswar,2,740411,15992,18628
1400970,Nirman Nagar,Jaipur,2,740369,20701,24582
1401246,Ullal,Bangalore,1,738091,18883,22828
1395731,Civil Hospital,Rajkot,2,737923,17615,21395
1345681,Sahayu Retail Pvt Ltd NAD Junction,Vizag,2,734052,13969,16707
1404879,Jasola Vihar,Delhi,1,733671,16704,19116
1401475,Apollo DB City,Indore,2,733094,17462,20379
1404884,Kriloskar Colony,Bangalore,1,732002,16299,19561
1389004,Sec 7 Panchkula,Chandigarh,2,731356,17746,21722
1391903,ISBT,Dehradun,2,729729,20019,23666
1404858,Khaleelwadi,Nizamabad,2,728596,18067,21691
1404967,Brigade Metropolis,Bangalore,1,725195,15203,17898
1387905,Sec 10 Panchkula,Chandigarh,2,725033,17594,21476
1402470,Tata,Jamshedpur,2,723998,24794,29905
1404960,Arasan Cinemas,Coimbatore,2,721875,14852,17104
1404603,Rajpur,Dehradun,2,720567,18778,21864
1388194,Vandematram,Ahmedabad,2,719252,18046,20699
1099459,Max Reach Stores Pvt Ltd Dilshad Garden 2,Delhi,1,716797,16415,19309
1393825,Aashima mall,Bhopal,2,714076,18678,21997
973251,B&H ENTERTAINMENT (I) PVT LTD Badi Bhamori,Indore,2,712827,18164,21356
1403186,NIT Calicut,Kozhikode,2,712647,15249,16876
1401291,Tehsil Camp,Panipat,2,710309,12143,17933
1403366,Sanjeeviah Nagar,Vizag,2,710145,14495,17217
1402803,Ganeshguri,Guwahati,2,710045,15905,18297
1400547,Shalimar Bagh,Delhi,1,708722,14314,16815
1403024,Pudupakkam,Chennai,1,707775,15664,18097
1403687,Emaar The Views,Chandigarh,2,706877,16963,20471
1403207,New Karol Bagh,Delhi,1,704713,15840,18462
1404961,Khammam Fort,Khammam,2,702132,13662,16807
1402607,Sector 89,Gurgaon,1,701439,15748,18556
1400987,Purnea,Raipur,2,701280,19793,23473
1404878,Warangal City,Warangal,2,700523,16811,20529
1381445,Foclo Technologies Pvt Ltd Manjari,Pune,1,698635,17169,19522
1386817,Saket Square,Indore,2,698344,16915,20227
1402056,Unitech,Gurgaon,1,695885,15802,18420
1403466,Tiljala Mega Pod,Kolkata,1,695692,16132,19349
1404933,KPC Medical College,Kolkata,1,694464,16806,19527
1382352,Bombay Hospital,Indore,2,690796,17661,20848
1402256,Nacharam,Hyderabad,1,688475,15865,19412
1400984,Manjalpur,Vadodara,2,687875,15948,18851
1404834,Sector 11-12,Faridabad,2,683457,16444,20585
1390220,Shivalik City,Chandigarh,2,682788,16761,19767
1385840,Kasba,Kolkata,1,675791,14316,17595
1404942,Selvapuram,Coimbatore,2,674938,13792,15687
1400971,Entally,Kolkata,1,674326,15392,18599
1399709,Satav Nagar,Pune,1,674292,16882,19435
1402260,Jagatpura,Jaipur,2,669287,19464,22618
1397624,Dharampeth,Nagpur,2,668924,15256,17816
816648,AURORA VENTURES ULSOOR,Bangalore,1,668633,13960,16902
1403692,Badlapur,Mumbai,1,668361,16438,18937
1401272,Ashiyana,Patna,2,668241,21723,26227
1395724,Pratap Nagar,Jaipur,2,667695,21226,24716
1388685,Jogiwala,Dehradun,2,665322,17759,21185
1390226,Sector 21 A,Faridabad,2,664993,14039,17418
1404963,Nookampalayam,Chennai,1,664606,15757,17890
1403184,Ashok vihar extension,Gurgaon,1,664526,15222,17983
1391900,Sector 20B,Faridabad,2,662107,14565,18448
1404820,Gaur City Mall,Noida,1,659706,15225,17898
1402612,Shyam nagar,Jaipur,2,658284,19667,22760
1394452,Chetganj,Varanasi,2,655570,15689,18245
1404799,Tata New Haven,Bangalore,1,655233,16837,20282
1403216,RoadPali,Mumbai,1,654082,14473,16909
1388689,Dilshad Colony,Delhi,1,652512,14811,17094
1383851,Max Reach Stores Pvt Ltd Lodi Colony,Delhi,1,650294,8991,10517
1402789,Sangampura - MP,Surat,2,649118,13357,15751
1400966,Kuvempu Nagar,Davangere,2,648872,16108,19101
1404651,Indira Circle,Rajkot,2,648588,16188,19701
1403517,ATS Homekraft,Noida,1,643971,14971,17694
1403372,Arugampalayam,Karur,2,643548,16863,19530
1385943,Gillco Parkhills,Chandigarh,2,642750,16000,18690
1404666,Kurmannapalem,Vizag,2,642489,13770,16451
1403360,GPT Colony,Kakinada,2,640397,13458,15851
1402796,Mani Nagar,Ahmedabad,2,639995,16962,19341
1402270,Kailasagiri,Vizag,2,639234,12640,15467
1403190,Attingal,Trivandrum,2,637760,12664,14559
1403845,Ajit Singh Nagar,Vijayawada,2,637523,13962,16571
1401469,Sector 95,Gurgaon,1,632669,14380,16967
1404804,SRM University,Chennai,1,629094,15769,18426
1404905,Vani nagar,Hyderabad,1,627598,15812,18775
1403049,Prestige Jindal City,Bangalore,1,626427,14875,17591
1401655,Vishweshwara Nagara,Hubli,2,625332,15189,18073
1405020,Patharghata 2,Kolkata,1,625114,15598,17997
1400552,Uhlasnagar,Mumbai,1,621434,14057,16842
1401264,Dugri,Ludhiana,2,621368,17032,20368
1403511,Aero City Mohali,Chandigarh,2,619656,15363,17989
1399699,Mahipalpur,Delhi,1,619098,13253,15141
1388388,Alpha 1,Noida,1,618581,14674,16829
1400979,Jakariyapur,Patna,2,616692,21860,25965
1400605,Tilakwadi,Belgaum,2,614099,13270,15418
1402265,Indrapuri,Patna,2,612959,20693,24623
1404165,Avantika,Delhi,1,608946,13497,15757
1399804,Pichola,Udaipur,2,607765,17812,20692
1382165,B & H Entertainment (I) Pvt Ltd Navlakha,Indore,2,607032,16379,19553
1402448,Shivarampally,Hyderabad,1,606606,15117,18680
1380671,Aariga Strategy Consultants Pvt Ltd Babarpur,Delhi,1,604354,14113,16565
1404647,M3M 65th Avenue,Gurgaon,1,600365,11156,13515
1403370,District Court,Rohtak,2,600080,14216,17786
1399803,Vidhyadhar,Jaipur,2,600048,18063,21633
1397089,Surajpole,Udaipur,2,597103,15810,18418
1403846,Pendurti,Vizag,2,595615,12716,15374
1402626,Milkman Colony,Jodhpur,2,595210,17625,19705
1388198,Sector 62,Noida,1,592895,13276,15290
1400566,Ravi Nagar,Hubli,2,591040,14239,16784
1395730,Kadru,Ranchi,2,587788,20788,24413
1404941,Central Naka,Aurangabad,2,584417,15551,17630
1402624,Jaypee Greens,Noida,1,582535,14803,17092
1382290,Max Reach Stores Pvt Ltd Bani Park,Jaipur,2,582475,15502,18589
1404609,Sri Nagar,Vizag,2,579693,12091,14684
1402805,IIM-C,Kolkata,1,577558,14655,17324
1386450,GDA Market Vaishali,Noida,1,574541,13433,15896
1399346,Omicron 3,Noida,1,570536,15057,17274
1403747,Ganesh Nagar,Berhampur,2,569311,16884,20703
1394449,Saharanpur Road,Dehradun,2,568826,14714,17580
1404969,Allpettai,Cuddalore,2,568743,12090,13730
1404988,Rushikonda,Vizag,2,566824,12039,14789
1404922,Cleo County,Noida,1,562702,13136,15268
1402065,Nashik Road,Nashik,2,561475,12832,15612
1402248,Jaitpur,Faridabad,2,554862,14225,17927
1403371,Onyx Hospital,Rohtak,2,553904,14204,17396
1386097,Mani square,Kolkata,1,552260,13227,15874
1403724,Shivaji Park,Kolhapur,2,551512,13288,15495
1404968,Paris Nagar,Vadodara,2,551034,12724,14733
1404611,STBL Cine World,Vizag,2,549096,11889,14038
1404675,Govindpuri Metro Station,Delhi,1,547324,10795,12651
1062420,Max Reach Stores Pvt Ltd Janakpuri-Rajouri,Delhi,1,546925,11887,14150
1404787,Kadampukur,Kolkata,1,546619,12874,14913
1402462,Ace City,Noida,1,546269,12816,15097
1400555,Prateek Grand City,Noida,1,543936,12643,14935
1404795,Taj Bengal,Kolkata,1,543742,11415,14576
1397088,Golden Temple,Amritsar,2,543565,15383,18185
1401277,MAHANANDA NAGAR,Ujjain,2,539759,13872,16792
1404889,Hazipur - MP,Noida,1,538166,11680,13433
1404576,Mayur Vihar Megapod,Delhi,1,535925,11386,13088
1404818,AMITY Noida,Noida,1,534438,11414,13205
1404934,TMM Hospital,Thiruvalla,2,533286,10808,12259
1404625,Thakdari,Kolkata,1,533007,12543,14442
1388315,Gotri Road,Vadodara,2,530398,11461,13586
1404570,Powerpet,Eluru,2,530073,12339,14246
1397034,Pritam Nagar,Ludhiana,2,529544,16254,19265
1401259,Gaurav Towers,Jaipur,2,529453,14890,17703
1404843,VIT,Chennai,1,522963,14270,16160
1399707,Sai Mandir,Nagpur,2,522679,12255,14258
1401651,Kranti Chowk,Aurangabad,2,522598,13678,15706
1402068,Kankarbagh,Patna,2,520808,18973,22215
1404707,Kaikhali,Kolkata,1,519716,12082,14373
1388386,Usha Nagar,Indore,2,519069,12719,15144
1405005,Kiwale,Pune,1,517842,12430,14525
1405031,Kamarajar - MP,Madurai,2,516736,11143,12941
1403311,Naraina,Delhi,1,515565,10469,12269
1401273,Bariatu,Ranchi,2,515250,17385,20561
1402475,Shivaji University,Kolhapur,2,514434,13141,15038
1400222,Lalarpura,Jaipur,2,512709,14160,16802
1309584,SAHAYU RETAIL PVT LTD Nawab Nagar,Vizag,2,512248,10536,12652
1402771,Dastur Nagar,Amravati,2,508635,14401,16952
810364,Miyapur,Hyderabad,1,508057,8664,10392
886521,Yousufguda,Hyderabad,1,506354,8751,10626
1404835,Lanka,Varanasi,2,506318,12263,13876
1401659,Golmuri,Jamshedpur,2,505976,17834,21897
1400560,Circular Road,Ranchi,2,504757,18289,21417
1397023,Science City,Ahmedabad,2,502348,11202,13342
1404869,Lotus panache XS,Noida,1,500624,10482,12309
1400986,Devendra Nagar,Raipur,2,499285,14759,17415
1401487,Amolapatty,Dibrugarh,2,496189,11808,13664
1391899,Sector 37,Faridabad,2,495120,12213,14870
1401283,Beripura,Meerut,2,493594,10191,12413
1404962,Begumbur,Dindigul,2,492636,8297,9439
1400981,Saraswati nagar,Raipur,2,492531,14256,16641
1403178,Jakhan - MP,Dehradun,2,491454,12903,15256
1403518,Raj Bagh Gzb,Noida,1,484813,11499,13919
1397035,Nandavan,Nagpur,2,476877,11433,13888
1404606,Arundhuti Nagar,Guntur,2,475881,9483,11472
1401271,Mithapur,Patna,2,473099,16790,19884
1400955,Nirma University,Ahmedabad,2,469257,11965,13548
1404970,Beliaghata,Kolkata,1,462178,11000,13160
1401284,PPR Mall,Jalandhar,2,461163,12919,15899
1403369,Surya Residency,Bhilai,2,461118,12959,15641
1394453,Raj Nagar GZB,Noida,1,459933,9431,11642
1393826,Nehru Colony,Faridabad,2,459325,12092,14731
1397037,Adgaon,Nashik,2,457633,10972,13099
1404649,Ektiasal,Siliguri,2,456062,12713,14933
1404904,Guduvanchery,Chennai,1,455919,12296,13741
1402619,Masibari,Ranchi,2,453645,14567,17236
1402066,Chi 5,Noida,1,452735,10656,12487
1404903,Burrabazar - MP,Kolkata,1,449427,10437,12258
1402076,Geeta Enclave,Mathura,2,447643,14610,17058
1402439,Shahibag,Ahmedabad,2,446081,10777,12336
1401270,Tipuri Bazaar,Patiala,2,445399,10150,13033
1387082,Yakutpura,Vadodara,2,445068,11266,12997
1401268,Patiala Cantt,Patiala,2,441790,8952,11796
1400967,Nangloi,Delhi,1,439596,10017,12107
1402807,Danapur,Patna,2,438394,13613,16566
1402467,Manharpur,Rajkot,2,437941,11126,13578
1404868,Hotel Sindhura,Ongole,2,437607,10155,12559
1402077,Champasari,Siliguri,2,437023,11570,13454
1402620,Sadar Bazaar,Meerut,2,430984,8890,10785
1404876,Virar Carshed,Mumbai,1,427866,10446,12232
1404450,Behra Enclave,Delhi,1,427291,8603,10351
1403026,Jhotwara,Jaipur,2,426719,14065,16767
1404892,Mission Pally,Kolkata,1,426426,11519,13774
1404784,Dakshingaon,Guwahati,2,421086,10075,11317
1400983,Bhagatpura,Sonipat,2,420437,10931,13688
1403513,Sector 115,Chandigarh,2,420373,10702,12612
1405013,Agripada,Mumbai,1,419277,8274,10285
1402271,Police Line,Ambala,2,418869,11079,14018
1403367,Govt Dungar College,Bikaner,2,409259,11593,13345
1402253,Vatika Kunj Ext,Gurgaon,1,408369,9930,11993
1402468,Freeganj,Ujjain,2,407812,10084,12265
1403187,Sector-C - MP,Lucknow,2,405418,12209,13894
1401108,Dashmesh Dwar,Jabalpur,2,403806,12587,15245
1403836,Silicon City,Indore,2,402950,10969,12839
1404573,SRKR College,Bhimavaram,2,402493,9977,11381
1401269,Thapar University,Patiala,2,401309,9070,11346
1402790,Fort Area,Vizianagaram,2,401264,9573,11538
1401263,Sitapur Road,Lucknow,2,401030,12475,14314
1403752,Saktigarh,Siliguri,2,401003,11746,13825
1402255,Harishankarpuram,Gwalior,2,397880,12473,14047
1391895,Purabanchal,Kolkata,1,397750,8622,10400
1403141,Subarnarekha River,Jamshedpur,2,395218,13900,16730
1401479,Kalyani,Kolkata,1,388156,9986,11647
1383133,Roj Retails Pvt Ltd Sector 59,Noida,1,386688,9062,10180
1401278,Ganpat Nagar,Sri Ganganagar,2,386098,11727,13694
1397032,South City,Lucknow,2,380525,11421,13078
1403038,Lonavala,Lonavala,2,379918,8693,10537
1403830,Sri Rameshwaram,Bhopal,2,379546,9809,11465
1405012,Madipur Village,Delhi,1,379540,7997,9337
1403368,Gandhi Chowk,Bilaspur,2,372096,11326,14252
1401262,Emerald Mall,Lucknow,2,371754,11227,12948
1403419,Ayodhaya Nagar,Nagpur,2,371702,9362,10961
1403512,Arjan Nagar,Bhathinda,2,370388,9545,11522
1403174,Vallabh vidyanagar,Anand,2,370171,10280,12142
1400982,Professor Colony,Raipur,2,370111,10892,12842
1404095,Lucknow High Court - MP,Lucknow,2,368440,9653,11051
1402074,Chitaipur,Varanasi,2,364409,8688,9956
1401285,IIT Roorkee,Roorkee,2,362538,9972,11692
1404797,Jagdishpuri,Muzaffarpur,2,358873,11037,13451
1402059,Chota Bangarda,Indore,2,356985,8996,10636
1401282,Pallavpuram,Meerut,2,355885,7451,8916
1404680,Babaroad,Ludhiana,2,351489,12035,14034
1400963,Gangapur,Bareilly,2,349876,10893,12174
1402770,Gaurav Path,Ajmer,2,347440,11422,13448
1402781,More Nagar,Latur,2,345711,9531,10695
1404745,Kahilipara,Guwahati,2,345499,8326,9396
1403750,Katargam,Surat,2,344717,7532,9226
1403212,Venice Mall,Noida,1,344684,8367,9688
1404674,Kachari,Varanasi,2,343731,8835,10187
1403556,Urban Estate,Karnal,2,343025,9920,11850
1401287,Vivekananda Palky,Dibrugarh,2,340875,8047,9468
1403726,Bajaj Hospital,Aurangabad,2,339364,8458,9671
1401076,Rambagh,Agra,2,336834,11147,12795
1404306,GNDU Campus,Amritsar,2,334039,9856,11468
1403515,Goraguntepalya,Bangalore,1,333943,6683,8166
1404992,Battarahalli South,Bangalore,1,330945,7162,8426
1404447,Jamalpur,Ludhiana,2,329449,10319,12304
1402472,Nagina Bagh,Ajmer,2,328682,10299,12167
1395727,Hargobind Nagar,Ludhiana,2,328567,11183,13096
1404830,Venkateswara Nagar,Ongole,2,328225,7223,9068
1402259,Indira Gandhi Nagar,Jaipur,2,324806,9978,11646
1397619,Anand nagar,Bhopal,2,322187,8714,10254
1401289,Ambala Cantt,Ambala,2,321712,8225,10178
1403188,Ccs University - MP,Meerut,2,320026,7206,8458
1393571,Mahal,Nagpur,2,318614,7260,8570
1401290,Railway Stadium,Moradabad,2,317711,9755,10786
1398442,Lucknow High Court,Lucknow,2,317249,10064,11397
1405019,Katta Maisama,Hyderabad,1,316222,7545,9423
1403564,Vainganga,Nanded,2,314140,8233,9634
1404987,Sec 12-22,Noida,1,308692,7959,9209
1402249,Karawal Nagar,Delhi,1,308665,7588,8969
1403691,People\'s Mall,Bhopal,2,305942,8134,9336
1400959,Aligarh Central,Aligarh,2,300564,6162,6947
1399345,MP Nagar,Bhopal,2,298907,7585,8745
1402450,South Civil Lines,Jabalpur,2,298784,8890,10597
1347753,Roj Retails Pvt Ltd Nadan Mahal Road,Lucknow,2,297692,8450,9604
1402272,PVR Moradabad,Moradabad,2,295626,8928,9842
1402783,Vasant Khand,Lucknow,2,294144,8570,9671
1404166,Opulent Mall Gzb,Noida,1,293420,6214,7609
1404098,Police Line Gzb,Noida,1,291101,6821,8175
1402621,Qaji Mandi,Jalandhar,2,291018,8588,10576
1404888,Budh vihar,Delhi,1,290274,7369,8640
1404759,Behala - MP,Kolkata,1,290039,6986,8120
1404781,Howrah AC,Kolkata,1,284443,7976,9373
1402086,Bhakti Nagar,Rajkot,2,284200,7576,9246
1382710,Sayaji Hotel,Pune,1,280771,6207,7134
1398443,Antas Mall,Lucknow,2,278743,7584,8685
1396292,Naria,Varanasi,2,272613,6109,6890
1403751,Chayan Para,Siliguri,2,271935,6826,7949
1402258,Dhanwantri Nagar,Jabalpur,2,266690,8491,10140
1403364,Mohan Nagar Ghaziabad,Noida,1,266251,6330,7633
1405011,Maradu,Kochi,2,264933,5553,6429
1401280,Borkhera,Kota,2,261589,6608,7573
1400957,Odhav,Ahmedabad,2,260336,7001,8044
1401650,Adarsh Park,Sri Ganganagar,2,259998,7647,9039
1404864,Narayan Nagar,Guwahati,2,258920,6096,7099
1403183,Shahpur,Gorakhpur,2,256793,7510,8462
1401256,Siddhart Nagar,Gwalior,2,250027,8697,9722
1402787,District Hospital,Rudrapur,2,247840,7708,8293
1397090,Geeta Nagar,Kanpur,2,247203,8310,9536
1402243,Sikandra,Agra,2,246413,8529,9666
1398750,Ashok Vihar,Kanpur,2,246381,8791,10186
1400225,Lulu Mall,Lucknow,2,243402,7453,8502
1402252,Ghanta Ghar,Gorakhpur,2,242799,6879,7923
1401660,Ashoka Institute,Varanasi,2,241787,5761,6670
1339714,Roj Retails Pvt Ltd Jankipuram,Lucknow,2,238281,8000,9020
1404096,Kampoo Main,Gwalior,2,235504,8269,9142
1403840,Barrackpore,Kolkata,1,229545,6471,7497
1403559,Alambagh,Lucknow,2,228483,7003,7991
1387706,Punagam,Surat,2,224998,5325,6642
1404850,Lekha Nagar,Patna,2,221609,7622,8949
1400974,Guramba,Lucknow,2,221538,7681,8596
1404890,Anisabad,Patna,2,220938,7782,9210
1404802,Kala Pahar,Guwahati,2,214544,5775,6610
1404923,Kanchanpur,Varanasi,2,211281,5181,5894
1403205,MANIT Bhopal,Bhopal,2,210626,5476,6386
1402262,BBD University,Lucknow,2,204191,6752,7632
1382165,Navlakha,Indore,2,203903,4393,5027
1402623,Pandu Nagar,Kanpur,2,195850,6944,7957
1397042,Mota Varcha,Surat,2,192405,4284,5371
1403516,Bapudham,Noida,1,190981,4514,5482
1401281,Kunadi,Kota,2,189549,4376,5029
1399344,Itwara,Bhopal,2,188673,5122,6054
1404857,Ranipur/Banaras Station,Varanasi,2,187661,4749,5387
1400975,IIM Lucknow,Lucknow,2,183958,5744,6475
1398751,Bara Sirohi,Kanpur,2,178880,6023,6905
1399808,Bank Road,Allahabad,2,170357,5894,6464
1402047,Manjoor Garhi,Aligarh,2,168993,3220,3648
1403753,ISKON Bhopal,Bhopal,2,168127,5252,5936
1400925,Azad Nagar,Gorakhpur,2,168126,4449,5117
1400958,DD Cinemas,Aligarh,2,165033,3596,4052
1403689,Gwalior Fort,Gwalior,2,163535,5911,6531
1403754,Mohammadpur,Saharnpur,2,162223,5240,5828
1404772,Arya Samaj Temple,Lucknow,2,153212,5008,5502
1402782,Alamnagar,Lucknow,2,137519,4846,5457
1405030,Dulapally,Hyderabad,1,117605,2939,3622
1400973,Saadatganj,Lucknow,2,114165,4352,4791
1405001,Sampriti,Kolkata,1,112678,2983,3590
1381968,Setron Retail Pvt Ltd Kulathoor,Trivandrum,2,97682,1813,2030
1401279,Talwandi,Kota,2,82526,1814,2149
1402244,Zero Road,Allahabad,2,80263,2645,2902
1402604,Sunderganj,Allahabad,2,73345,2267,2467
1405037,Althan,Surat,2,48917,1379,1772
1405017,Doshi Etopia,Chennai,1,11654,241,274
1405010,Thally Road Circle,Hosur,2,4181,90,102