AVERAGE of inc_%,,WEEK,,,,,,,,,,,,,,,,,,,,,
CITY,SPOC,9,10,11,12,13,14,15,16,17,18,19,20,21,22,23,24,25,26,27,28,29,30
Agra,CX,0.0025,0.0012,0.0008,0.0016,0.0056,0.0028,0.0022,0.0033,0.0025,0.0038,0.0064,0.0018,0.0044,0.0028,0.0054,0.0023,0.0011,0.0015,0.0029,0.0032,0.0032,0.0013
Agra,DP,,,,0.0012,0.0006,,0.0006,0.0006,0.0005,0.0005,0.0005,,,0.0005,0.0009,0.0015,0.0023,0.0008,,,,
Agra,Pod,0.005,0.0056,0.0036,0.0069,0.0075,0.0099,0.0056,0.0088,0.0125,0.0134,0.0141,0.0176,0.0106,0.0147,0.009,0.0129,0.0102,0.0053,0.0078,0.0078,0.01,0.0062
Agra,Sourcing,0.005,0.0004,0.0004,0.0024,0.0006,,0.0006,,0.0005,0.0005,0.0036,0.0018,0.0006,0.0057,0.0045,0.0027,0.0034,0.003,0.0032,0.0026,0.0015,0.0005
Agra,WH,,,,,,,0.0006,,0.0005,0.0014,,0.0006,0.0019,0.0014,0.0014,0.0011,0.0004,0.0011,0.0003,,0.0003,
Ahmedabad,CX,0.0048,0.0028,0.0036,0.004,0.0036,0.0032,0.002,0.0032,0.0025,0.0032,0.0027,0.0038,0.004,0.0038,0.0035,0.0031,0.0029,0.0034,0.0029,0.0029,0.0032,0.0024
Ahmedabad,DP,0.0003,0.001,0.0011,0.0006,0.0009,0.0008,0.0011,0.0012,0.0013,0.0009,0.0012,0.002,0.0012,0.0019,0.0012,0.0013,0.001,0.0014,,,,
Ahmedabad,Pod,0.0098,0.007,0.0089,0.0096,0.01,0.0085,0.0068,0.0081,0.0094,0.0093,0.0103,0.0117,0.0105,0.0102,0.0091,0.0102,0.0089,0.0096,0.008,0.0096,0.0091,0.0076
Ahmedabad,Sourcing,0.0017,0.0011,0.0012,0.0014,0.0008,0.0009,0.0011,0.0005,0.0004,0.0006,0.0004,0.0008,0.0016,0.0026,0.0028,0.0037,0.0028,0.0023,0.0037,0.0022,0.0026,0.0024
Ahmedabad,WH,0.0001,0.0006,0.0007,0.0006,0.0004,0.0006,0.0003,0.0004,0.0005,0.0005,0.0003,0.0005,0.0005,0.0008,0.0007,0.0006,0.0006,0.0007,0.0007,0.0004,0.0005,0.0004
Ahmednagar,CX,,0.0013,,0.0066,,,,,,,,,,,,,,,,,,
Ahmednagar,DP,,,0.0013,,,,,,,,,,,,,,,,,,,
Ahmednagar,Pod,,0.0013,0.0013,,0.0053,,,,,,,,,,,,,,,,,
Ahmednagar,Sourcing,,,0.0013,0.0033,,,,,,,,,,,,,,,,,,
Ahmednagar,WH,,,0.0026,0.0033,,,,,,,,,,,,,,,,,,
Ajmer,CX,0.0041,0.0016,0.0024,0.0018,0.0006,0.0017,0.0038,0.004,0.0016,0.0036,0.0034,0.0028,0.0035,0.0005,0.0038,0.0075,0.0031,0.0029,0.0027,0.0023,0.0054,0.0023
Ajmer,DP,,0.0011,,0.0012,0.0006,,,,,0.0009,0.0013,0.0028,0.0005,0.0005,,0.0015,0.0009,0.0004,,,,
Ajmer,Pod,0.0082,0.0038,0.0078,0.0061,0.0087,0.0051,0.0022,0.008,0.0064,0.0072,0.0069,0.0066,0.0086,0.0045,0.0081,0.011,0.004,0.0066,0.0064,0.005,0.0092,0.008
Ajmer,Sourcing,,0.0005,,0.0006,,0.0006,0.0005,0.0006,0.0021,,0.0004,0.0009,0.0015,0.001,0.0032,0.0055,0.0022,0.0012,0.0024,0.002,0.0031,0.004
Ajmer,WH,,0.0011,0.0006,0.0006,0.0006,0.0011,0.0011,,0.0005,0.0004,0.0004,0.0014,,0.0005,0.0011,0.0025,0.0013,0.0008,0.0014,0.0003,0.001,0.0013
Alappuzha,CX,,0.0005,,0.0006,0.0005,,0.0003,0.0008,0.0005,0.001,0.0003,,0.0003,,0.0012,0.0007,0.0002,0.0008,0.001,0.0005,0.0005,0.001
Alappuzha,DP,,0.0003,0.0005,0.0003,0.0005,0.0005,,0.0003,0.0008,0.0013,0.0005,,0.0005,0.0013,0.0005,0.0002,,0.0008,,,,
Alappuzha,Pod,,0.0024,0.0023,0.0029,0.0016,0.0015,0.0013,0.0015,0.0016,0.0018,0.0021,0.0025,0.0013,0.0023,0.0023,0.0024,0.0025,0.0028,0.001,0.0018,0.003,0.0015
Alappuzha,Sourcing,,0.0003,0.0008,0.0006,0.0005,,,0.0003,0.0003,,,,0.0003,0.0003,0.0009,0.001,,0.0003,0.0007,0.0015,0.0008,0.0007
Alappuzha,WH,,,0.0005,0.0003,,,0.0003,0.0005,,0.0003,0.0003,,,0.0003,,0.0002,0.0002,,,,,
Aligarh,CX,,0.0048,0.0018,0.0028,0.0049,0.004,0.0023,0.0031,0.0059,0.0072,0.0039,0.007,0.0075,0.0078,0.0041,0.0029,0.0032,0.0041,0.0025,0.002,0.0044,0.0034
Aligarh,DP,,0.0007,0.0012,,0.0012,0.0006,0.0009,0.0004,0.0015,0.0013,0.0005,0.0005,0.0013,0.0029,0.002,0.0011,0.0006,0.0036,,,,
Aligarh,Pod,0.0169,0.0129,0.0106,0.0069,0.0091,0.0103,0.0088,0.0094,0.023,0.0263,0.0142,0.014,0.0157,0.0117,0.0102,0.0098,0.0084,0.0093,0.0063,0.0112,0.007,0.0099
Aligarh,Sourcing,0.0056,0.0027,0.0035,0.0034,0.003,0.0023,0.0023,0.0018,0.004,0.0021,0.0034,0.0021,0.005,0.0059,0.0041,0.0052,0.0065,0.0072,0.0068,0.0066,0.0048,0.0038
Aligarh,WH,,0.0014,,0.0007,0.0018,,0.0005,0.0004,0.0018,0.0008,0.002,0.0005,0.0025,,0.002,0.0017,0.0013,0.001,0.0004,0.001,0.0015,0.0003
Allahabad,CX,,0.0031,0.0035,0.0034,0.0049,0.0067,0.0053,0.0012,0.004,0.0021,0.0026,0.0057,0.0006,0.0029,0.004,0.0026,0.0013,0.0045,0.001,0.0027,0.001,0.0014
Allahabad,DP,,0.0015,0.0006,,,0.0006,,,0.0004,0.0013,,0.0011,0.0011,0.0005,0.0015,,,0.0015,,,,
Allahabad,Pod,0.0069,0.0077,0.0095,0.0068,0.0071,0.0018,0.0042,0.0056,0.0119,0.0154,0.0136,0.0103,0.0114,0.0059,0.004,0.0072,0.0069,0.0086,0.0085,0.008,0.0074,0.0088
Allahabad,Sourcing,,0.0008,,,0.0011,0.0006,,0.0004,0.0004,,0.0013,0.0006,0.0006,0.0015,0.005,0.0056,0.0013,0.003,0.0035,0.0019,0.0058,0.002
Allahabad,WH,,0.0015,,0.0011,0.0005,,0.0005,,0.0004,,0.0004,,0.0011,0.0015,,0.0005,0.0019,0.0005,,0.0004,,0.0006
Ambala,CX,,0.0042,,,0.0013,0.0016,0.0016,,0.002,0.0042,0.0043,0.0049,,0.0016,0.0022,0.0039,0.0022,0.0029,0.0041,0.0035,0.0044,0.0047
Ambala,DP,0.0028,0.0009,0.0005,0.0015,,0.0005,0.0011,0.0005,0.001,0.0021,0.0016,0.0022,0.001,0.0016,0.0005,0.0005,0.0013,0.0038,,,,
Ambala,Pod,0.0083,0.0061,0.0025,0.003,0.0039,0.0065,0.0026,0.0049,0.0059,0.009,0.0059,0.0076,0.0084,0.0096,0.0071,0.0068,0.0083,0.0097,0.0117,0.0112,0.0115,0.007
Ambala,Sourcing,,0.0014,,,0.0006,,0.0011,,0.0005,0.0011,,0.0016,,0.0011,0.0027,0.0005,0.0018,0.0034,0.0034,0.0024,0.0051,0.004
Ambala,WH,0.0028,0.0005,,,,,0.0005,0.0005,0.0005,0.0005,0.0005,,,0.0005,0.0005,0.001,0.0004,0.0021,,0.0003,0.0007,0.0003
Amravati,CX,0.0042,0.0006,0.0007,0.007,0.002,0.0032,,,0.002,0.0019,0.0034,0.0139,0.0066,0.0079,0.0107,0.0059,0.0043,0.0045,0.0035,0.0052,0.003,0.0022
Amravati,DP,,,0.0007,,0.001,0.0022,0.0011,0.001,0.001,,,,0.0009,0.0009,0.0018,0.0022,0.0007,0.0013,,,,
Amravati,Pod,0.0126,0.0018,0.0035,0.0055,0.006,0.0043,0.0046,0.0071,0.0079,0.0097,0.0076,0.0102,0.0085,0.0088,0.016,0.0067,0.013,0.0071,0.0089,0.0081,0.0073,0.0087
Amravati,Sourcing,,,0.0007,,0.003,0.0011,,,,,,0.0009,0.0038,0.0026,0.0036,0.0022,0.0036,0.0058,0.0041,0.0052,0.0018,0.0038
Amravati,WH,,0.0012,,,,0.0011,,0.001,0.001,0.001,,0.0037,0.0019,0.0026,,0.0007,,,,0.0006,,
Amritsar,CX,0.0019,0.0016,0.0016,0.0016,0.0014,0.0006,0.0029,0.0026,0.0031,0.0012,0.001,0.0026,0.0031,0.0045,0.0015,0.0047,0.002,0.0031,0.0041,0.002,0.0018,0.0027
Amritsar,DP,,0.0026,0.0016,,0.0014,0.0006,0.0006,0.0016,0.0025,0.0018,0.0016,0.0032,0.0003,0.0013,0.0006,0.0006,0.0003,,,,,
Amritsar,Pod,0.0057,0.0039,0.0044,0.0029,0.0052,0.0034,0.0054,0.0077,0.0074,0.0062,0.0064,0.0084,0.0092,0.008,0.0052,0.0054,0.0062,0.0064,0.0068,0.0061,0.0056,0.0049
Amritsar,Sourcing,0.0038,0.0007,0.0019,,0.0007,0.0006,0.0019,0.0006,0.0003,,,,0.001,0.0022,0.0006,0.0022,0.0016,0.0008,0.0014,0.0015,0.0038,0.0014
Amritsar,WH,,0.0016,,0.0003,,,,0.0003,,,,0.0006,0.0007,,0.0003,0.0006,,,0.0003,,0.0003,0.0003
Anand,CX,,0.0019,0.0036,0.0035,0.0029,0.0026,,0.001,0.0044,,0.001,0.0031,0.0039,0.0028,0.0038,0.0021,0.004,0.0018,0.0059,0.0035,0.0028,0.004
Anand,DP,,,,0.0012,,,0.0023,,0.0022,0.0028,0.002,,0.0013,0.0028,0.0013,,0.003,0.0026,,,,
Anand,Pod,0.0114,0.0077,0.0082,0.0082,0.0132,0.0039,,0.0021,0.0088,0.0047,0.002,0.0061,0.0129,0.0028,0.0088,0.0107,0.0121,0.0071,0.0059,0.009,0.0077,0.0034
Anand,Sourcing,,0.001,0.0036,0.0024,,0.0013,,,0.0011,0.0019,,0.002,,0.0042,0.0075,0.0054,0.007,0.0009,0.0007,0.0021,0.0028,0.0013
Anand,WH,,,0.0009,,0.0015,,,0.001,,0.0019,,,0.0026,,0.0013,0.0011,,,0.0007,0.0021,,0.0007
Anantapur,CX,,0.0019,0.0041,0.0003,0.002,0.0045,0.0028,0.002,0.0032,0.0026,0.003,0.0045,0.0042,0.0016,0.0011,0.0021,0.0013,0.0017,0.0038,0.0021,0.002,0.0029
Anantapur,DP,0.0034,,0.0008,0.0017,0.0006,0.0017,0.002,0.0005,0.0005,0.0016,0.0009,0.0007,0.0005,0.0005,0.0003,0.0008,0.001,0.0005,,,,
Anantapur,Pod,0.0034,0.0037,0.0061,0.0062,0.0056,0.0065,0.0059,0.0054,0.0087,0.0088,0.0098,0.0107,0.0089,0.007,0.0055,0.0063,0.0033,0.0071,0.0046,0.0051,0.0051,0.0049
Anantapur,Sourcing,0.0017,0.0013,0.0003,0.0014,,0.0003,0.0011,0.0005,0.0007,0.0002,0.0005,0.0002,0.0013,0.0016,0.0032,0.0018,0.001,0.0025,0.0049,0.0026,0.0022,0.0041
Anantapur,WH,,0.0003,0.0005,0.0008,0.0003,0.0003,0.0006,0.0002,0.0002,0.0007,0.0014,0.0017,0.0008,0.0016,0.0005,0.0013,,0.0002,,0.0004,0.0004,0.0012
Aurangabad,CX,0.0023,0.0024,0.0023,0.0029,0.0014,0.0016,0.0006,0.0021,0.0013,0.0027,0.0019,0.0063,0.0009,0.0057,0.0014,0.0032,0.0039,0.002,0.0002,0.0035,0.0025,0.0014
Aurangabad,DP,,0.0003,0.0007,,,0.0007,0.0019,0.0006,0.0006,0.0003,0.0003,0.0007,0.0004,0.0004,0.0011,0.0013,0.0013,0.0005,,,,
Aurangabad,Pod,0.0046,0.0036,0.0069,0.0074,0.0063,0.0055,0.0034,0.0047,0.0096,0.0104,0.0093,0.0176,0.0108,0.0125,0.0075,0.0099,0.0093,0.0099,0.0067,0.0107,0.007,0.0046
Aurangabad,Sourcing,,0.0009,0.003,0.0006,0.0011,0.0013,0.0009,0.0018,0.0003,0.0009,0.0003,0.0003,0.0017,,0.0011,0.0019,0.0016,0.0013,0.0022,0.0037,0.0045,0.0036
Aurangabad,WH,,0.003,0.0007,0.0006,0.0004,0.0007,,0.0006,0.001,0.0003,0.0003,0.0017,,,0.0003,0.0011,0.0003,0.0005,,0.0002,0.0005,
Bangalore,CX,0.0027,0.0025,0.0025,0.0029,0.0028,0.003,0.0031,0.0027,0.0027,0.0029,0.0024,0.0035,0.003,0.003,0.0028,0.0027,0.0028,0.0027,0.0019,0.0019,0.0021,0.002
Bangalore,DP,0.0012,0.0013,0.0013,0.0011,0.0014,0.0016,0.0015,0.0019,0.0021,0.0023,0.0014,0.0016,0.0014,0.0015,0.0014,0.0013,0.0014,0.0013,,,,
Bangalore,Pod,0.0066,0.0062,0.0067,0.0071,0.007,0.0077,0.0073,0.0072,0.0076,0.0082,0.0079,0.0114,0.0102,0.0097,0.0104,0.0105,0.01,0.0098,0.0076,0.0074,0.0081,0.0071
Bangalore,Sourcing,0.0024,0.0018,0.002,0.0019,0.0019,0.0019,0.002,0.0022,0.0027,0.0026,0.0021,0.0029,0.0025,0.0025,0.0025,0.0021,0.0021,0.0023,0.0032,0.0032,0.0029,0.0028
Bangalore,WH,0.0006,0.001,0.0011,0.0018,0.0013,0.001,0.0011,0.0012,0.0011,0.0013,0.0011,0.0012,0.0011,0.001,0.0009,0.0009,0.0008,0.0011,0.0016,0.0014,0.0017,0.0013
Bareilly,CX,,0.0012,0.0015,0.0012,0.0011,0.0017,0.0025,0.0025,0.0015,,0.0008,0.0018,0.0018,0.003,0.0016,0.0025,0.0021,0.0006,0.0005,0.0019,0.0018,0.0031
Bareilly,DP,,0.0004,0.0005,0.0006,,,,0.0008,0.0015,,,0.0009,0.0027,0.0008,,0.0008,0.0027,0.0006,,,,
Bareilly,Pod,0.0102,0.0029,0.0066,0.0068,0.0056,0.0035,0.0016,0.0034,0.0045,0.0044,0.0062,0.0098,0.0055,0.0068,0.0048,0.0041,0.0034,0.0056,0.0047,0.0028,0.0036,0.0062
Bareilly,Sourcing,,0.0029,0.0015,0.0019,0.0034,0.0017,0.0025,0.0008,,0.0015,,,0.0009,0.0023,0.0024,0.0025,0.0021,0.0019,0.0021,0.0019,0.0022,0.0027
Bareilly,WH,,0.0008,0.0005,,,,,,,,0.0008,0.0009,,,0.0008,0.0008,0.0007,,0.0005,,0.0004,0.0004
Bathinda,CX,,,0.0029,0.0029,,0.004,0.001,0.0027,0.0009,0.0009,0.0026,0.006,0.0023,0.0048,0.0009,0.0009,0.0074,0.0041,0.0036,0.0065,0.0056,0.0027
Bathinda,DP,0.0051,0.0044,0.001,0.0019,0.001,0.001,,0.0018,0.0063,0.0052,0.0018,0.0017,0.0046,0.0016,0.0009,0.0009,,0.0008,,,,
Bathinda,Pod,0.0102,0.0035,0.0077,0.0038,,0.002,0.0039,0.0063,0.0082,0.0139,0.0071,0.0078,0.0039,0.0096,0.0128,0.0103,0.0185,0.0115,0.0073,0.0117,0.0157,0.0076
Bathinda,Sourcing,,0.0009,,,,,,,,,,,,0.0016,0.0017,0.0017,0.0019,0.0041,0.0022,0.0058,0.0045,0.0016
Bathinda,WH,,,0.001,,,,,,,,,0.0017,0.0008,,0.0009,,0.0009,0.0016,,0.0006,0.0011,
Belgaum,CX,,0.0011,,0.0003,0.0008,0.004,0.0018,0.0011,0.0005,0.0021,0.0019,0.002,0.0009,0.0006,0.0012,0.0006,0.0009,0.0006,0.0008,0.001,0.0012,0.0014
Belgaum,DP,,0.0004,0.0005,0.0003,,0.0011,0.0012,0.0003,0.0008,0.0021,0.0005,0.0003,0.0006,0.0009,0.0003,0.0006,0.0003,0.0006,,,,
Belgaum,Pod,0.0016,0.0024,0.0028,0.003,0.0039,0.0043,0.0034,0.0046,0.0045,0.0055,0.0024,0.0072,0.003,0.0057,0.0049,0.0044,0.0027,0.0052,0.004,0.0061,0.0033,0.0031
Belgaum,Sourcing,0.0016,0.0011,0.0008,0.0008,0.0006,0.0017,0.0009,0.0003,0.0005,0.0003,0.0011,0.0003,0.0009,0.0018,0.0023,0.0006,0.0032,0.0012,0.0011,0.0018,0.0015,0.002
Belgaum,WH,,,0.0003,0.0011,,,,0.0003,,0.0003,,,0.0003,,,,0.0003,,,0.0003,0.0003,0.0006
Berhampur,CX,,0.0021,,0.0017,0.0018,0.0015,0.0008,0.0019,0.0006,0.0017,0.0021,0.0027,0.0012,0.0034,0.0022,0.0031,0.0032,0.0023,0.0022,0.001,0.0029,0.0044
Berhampur,DP,,,0.0008,,,,,0.0006,0.0006,,,0.0005,,0.0011,0.0005,0.001,0.0005,0.0006,,,,
Berhampur,Pod,,0.0036,0.0051,0.0051,0.0088,0.003,0.0031,0.0032,0.0069,0.0073,0.0042,0.0055,0.0083,0.0062,0.0054,0.0083,0.0053,0.0073,0.006,0.0066,0.0058,0.0053
Berhampur,Sourcing,,,,,,,,0.0013,0.0017,0.0006,0.0016,,0.0012,0.0011,0.0032,,0.0011,,0.0016,0.002,0.0024,0.0019
Berhampur,WH,,0.0014,0.0008,0.0017,,,0.0008,,0.0006,0.0006,0.0016,,,0.0006,0.0005,0.001,,0.0011,0.0011,,0.001,0.001
Bhilai,CX,,0.002,0.001,0.005,0.0058,0.0059,0.0021,,0.0019,0.006,0.0135,0.0118,0.0115,0.0045,0.0069,0.0051,0.0059,0.0062,0.0091,0.0074,0.0097,0.0078
Bhilai,DP,,0.001,,0.001,,0.002,0.0021,0.0032,0.0019,,0.0027,,0.0021,0.0036,0.0017,0.0007,0.0015,0.0047,,,,
Bhilai,Pod,0.0076,0.002,0.0076,0.008,0.0151,0.0098,0.0103,0.0171,0.0152,0.012,0.0144,0.0204,0.0105,0.0099,0.0086,0.0146,0.0216,0.0156,0.0119,0.0141,0.0164,0.0138
Bhilai,Sourcing,,,0.001,,,0.001,0.001,0.0011,,,0.0027,,0.0042,0.0099,0.0052,0.0036,0.0007,0.0039,0.0035,0.0061,0.0036,0.0042
Bhilai,WH,,,,0.004,,,,,,,0.0009,0.0011,0.0042,0.0036,,0.0022,0.0022,,,0.0012,0.0006,0.0006
Bhimavaram,CX,,,0.0018,0.0041,,0.0012,0.0037,0.0039,0.0028,0.0052,0.0014,0.0119,0.0051,0.0042,0.0022,,,0.0011,0.0008,0.0047,0.0022,0.0008
Bhimavaram,DP,,,,0.0027,,,0.0012,0.0013,,0.0013,,,0.0021,0.0011,0.0011,0.001,,0.0011,,,,
Bhimavaram,Pod,,0.0049,0.0037,0.0081,0.0029,0.0049,0.0025,0.0142,0.0085,0.0065,0.0085,0.0059,0.0062,0.0063,0.0054,0.0136,0.0056,0.0065,0.0066,0.0055,0.0089,0.0016
Bhimavaram,Sourcing,,,0.0018,,,0.0012,,,,,,0.003,0.001,,0.0033,,0.0011,0.0022,,0.0023,0.0015,
Bhimavaram,WH,,,,0.0014,,0.0012,,,0.0014,,0.0014,,0.001,,0.0011,,0.0022,,0.0008,0.0008,0.0022,0.0008
Bhopal,CX,0.004,0.0014,0.0023,0.0022,0.002,0.0028,0.0028,0.0029,0.0031,0.0027,0.003,0.0056,0.005,0.0025,0.0036,0.0042,0.0036,0.002,0.0033,0.0035,0.0045,0.0022
Bhopal,DP,0.0032,0.0013,0.001,0.0014,0.0009,0.0008,0.0005,0.0018,0.0016,0.0011,0.0021,0.0028,0.0021,0.0016,0.0018,0.001,0.0003,0.0011,,,,
Bhopal,Pod,0.0072,0.0051,0.0065,0.0071,0.0066,0.0062,0.0063,0.0092,0.0093,0.0096,0.0064,0.0131,0.0093,0.0093,0.0064,0.008,0.0068,0.0058,0.0071,0.0088,0.0093,0.0072
Bhopal,Sourcing,0.0008,0.0017,0.0009,0.001,0.0012,0.0016,0.0017,0.0005,0.0011,0.0011,0.0002,0.0009,0.0022,0.0028,0.0021,0.002,0.0014,0.0021,0.002,0.0021,0.0027,0.0029
Bhopal,WH,,0.0002,0.0005,0.0006,0.0004,0.0009,0.0008,0.0004,0.0007,0.0007,0.0006,0.0007,0.0009,0.0006,0.0013,0.0009,0.0011,0.0006,0.0002,0.0003,0.001,0.0001
Bhubaneswar,CX,0.0009,0.0016,0.0021,0.0019,0.0018,0.0027,0.002,0.0015,0.0016,0.0026,0.0022,0.0018,0.0022,0.0016,0.0024,0.0023,0.0022,0.0023,0.0027,0.0024,0.0028,0.0023
Bhubaneswar,DP,0.0002,0.0009,0.0008,0.0006,0.0005,0.0004,0.0006,0.0008,0.0008,0.0007,0.0005,0.0012,0.0009,0.0008,0.0006,0.0007,0.0007,0.0009,,,,
Bhubaneswar,Pod,0.0035,0.0049,0.0062,0.0048,0.006,0.0081,0.0053,0.0061,0.0066,0.008,0.0077,0.0082,0.0067,0.0063,0.0057,0.0079,0.0075,0.0066,0.0061,0.007,0.0068,0.007
Bhubaneswar,Sourcing,0.0007,0.0007,0.0008,0.0006,0.0006,0.0006,0.0008,0.0005,0.0004,0.0004,0.0002,0.0004,0.0008,0.0012,0.0011,0.0013,0.0013,0.0019,0.0021,0.002,0.0014,0.0018
Bhubaneswar,WH,0.0002,0.0002,0.0003,0.0003,0.0003,0.0003,0.0005,0.0001,0.0003,0.0002,0,0.0002,0.0002,0.0003,0.0002,0.0006,0.0003,0.0002,0.0003,0.0003,0.0004,0.0003
Bikaner,CX,0.0126,0.0064,0.0139,0.0043,0.001,0.0024,0.0025,0.0008,0.0015,0.0046,0.0043,0.0031,0.0086,0.0042,0.0035,0.0088,0.0034,0.0034,0.0021,0.006,0.0052,0.0063
Bikaner,DP,,0.0014,,0.0009,0.001,0.0008,,,0.0015,0.0007,0.0014,0.0023,,0.0017,,0.0009,0.0026,,,,,
Bikaner,Pod,0.0377,0.0057,0.0123,0.0043,0.0048,0.0008,0.0067,0.0039,0.0093,0.0091,0.0092,0.007,0.0197,0.0067,0.0121,0.0131,0.0112,0.0143,0.012,0.0139,0.0157,0.0063
Bikaner,Sourcing,,,0.0008,0.0017,,,,,,,,,0.0017,,0.0026,0.0035,0.0043,0.0017,0.0021,0.0066,0.0046,0.0025
Bikaner,WH,,0.0007,0.0025,0.0009,,,,,,,0.0007,,0.0009,0.0008,,0.0018,0.0009,0.0008,,,0.0007,0.0006
Bilaspur,CX,,0.0039,,0.0048,0.0046,,0.0096,0.0027,0.0008,0.006,0.0007,0.003,0.0039,0.0041,0.0078,0.003,0.0069,0.0088,0.0074,0.0119,0.0033,0.0017
Bilaspur,DP,,,0.0009,0.0008,0.0009,0.0008,,0.0018,0.0008,0.0015,,,0.002,0.0016,0.0031,0.0023,,0.0048,,,,
Bilaspur,Pod,,0.0049,0.0062,0.0088,0.011,0.0099,0.0072,0.0124,0.0079,0.0082,0.0097,0.0061,0.0049,0.0065,0.0156,0.0068,0.0123,0.0104,0.013,0.0176,0.0143,0.0078
Bilaspur,Sourcing,,,0.0026,0.0008,,,,0.0009,,,,,0.003,0.0041,0.0016,0.003,0.0008,0.0032,0.005,0.0034,0.0028,0.0022
Bilaspur,WH,,0.001,,0.0016,,0.0017,0.0008,,0.0008,,,,0.002,0.0016,0.0016,0.0008,0.0023,0.0016,0.0006,0.0017,,
Central Goa,CX,0.0006,0.0014,0.0019,0.0015,0.0023,0.0021,0.0023,0.0021,0.0022,0.0021,0.0022,0.0033,0.0024,0.0032,0.0026,0.002,0.0025,0.0028,0.0022,0.0024,0.0023,0.0018
Central Goa,DP,0.0004,0.0009,0.0004,0.0009,0.0004,0.001,0.0008,0.001,0.0014,0.0014,0.0006,0.0012,0.0009,0.0015,0.0008,0.0011,0.0011,0.0008,,,,
Central Goa,Pod,0.0051,0.0053,0.0053,0.0054,0.0063,0.0062,0.0055,0.0069,0.0078,0.007,0.0064,0.0102,0.0075,0.0086,0.0075,0.0065,0.0071,0.0059,0.0057,0.0063,0.0063,0.0047
Central Goa,Sourcing,0.0013,0.0011,0.001,0.0012,0.0006,0.0008,0.0006,0.0008,0.0007,0.0007,0.0003,0.0008,0.0012,0.0016,0.0026,0.0031,0.0016,0.0019,0.0025,0.0025,0.0024,0.0022
Central Goa,WH,,0.0004,0.0004,0.0005,0.0005,0.0004,0.0003,0.0005,0.0002,0.0002,0.0003,0.0004,0.0002,0.0005,0.0004,0.0004,0.0004,0.0001,0.0003,0.0003,0.0003,0.0003
Chandigarh,CX,0.0036,0.0032,0.0032,0.0028,0.0035,0.0028,0.0029,0.004,0.0044,0.0039,0.0033,0.0054,0.0046,0.0042,0.0047,0.0045,0.004,0.0049,0.0036,0.0036,0.0038,0.004
Chandigarh,DP,0.0023,0.0017,0.0009,0.001,0.0015,0.0012,0.0009,0.0016,0.0034,0.0032,0.002,0.0018,0.0021,0.002,0.0017,0.0011,0.0016,0.0022,,,,
Chandigarh,Pod,0.009,0.0081,0.0074,0.0063,0.0086,0.0076,0.0075,0.0091,0.0113,0.0121,0.0094,0.0123,0.0128,0.0115,0.011,0.0107,0.0105,0.0105,0.0102,0.0126,0.0104,0.0102
Chandigarh,Sourcing,0.0017,0.0013,0.0011,0.0008,0.0007,0.0008,0.0013,0.0008,0.0004,0.0006,0.0006,0.0005,0.0017,0.0027,0.0023,0.0027,0.002,0.0017,0.0032,0.0026,0.0038,0.0026
Chandigarh,WH,0.0003,0.0005,0.0008,0.0004,0.0003,0.0004,0.0005,0.0006,0.0004,0.0007,0.0004,0.0004,0.0005,0.0006,0.0007,0.0009,0.0008,0.0006,0.0005,0.0006,0.0007,0.0007
Chennai,CX,0.0035,0.0031,0.0042,0.0029,0.0033,0.0034,0.0037,0.0033,0.004,0.0041,0.0033,0.0049,0.004,0.0038,0.0037,0.0033,0.004,0.0043,0.0035,0.0039,0.0039,0.0032
Chennai,DP,0.0012,0.001,0.0011,0.0011,0.0011,0.0012,0.0013,0.0014,0.0013,0.0012,0.0009,0.0016,0.0015,0.0015,0.0014,0.0009,0.001,0.0012,,,,
Chennai,Pod,0.0076,0.0076,0.0068,0.0076,0.0078,0.009,0.0102,0.0105,0.0118,0.0105,0.0107,0.0169,0.0132,0.0119,0.0107,0.0108,0.0126,0.013,0.01,0.0105,0.011,0.0099
Chennai,Sourcing,0.0006,0.0007,0.0008,0.0008,0.0008,0.0005,0.0006,0.0005,0.0006,0.0006,0.0004,0.0004,0.0014,0.0013,0.0019,0.0017,0.0015,0.0016,0.0026,0.0026,0.0029,0.002
Chennai,WH,0.001,0.0009,0.0007,0.0008,0.0006,0.0005,0.0006,0.0007,0.0005,0.0006,0.0005,0.0006,0.001,0.001,0.0007,0.0014,0.0011,0.0009,0.0009,0.0011,0.001,0.001
Coimbatore,CX,0.0018,0.002,0.0023,0.0033,0.0028,0.003,0.0037,0.0036,0.0029,0.0026,0.0027,0.003,0.0025,0.0022,0.0023,0.0027,0.0035,0.0038,0.0028,0.0023,0.0024,0.0023
Coimbatore,DP,0.0006,0.0011,0.001,0.0008,0.0014,0.0006,0.0007,0.0014,0.0008,0.0008,0.0007,0.0006,0.001,0.0008,0.0008,0.0009,0.0008,0.0007,,,,
Coimbatore,Pod,0.0058,0.0068,0.0054,0.0068,0.0076,0.0063,0.0081,0.0069,0.0076,0.0071,0.0077,0.0089,0.0078,0.0072,0.0065,0.0096,0.0117,0.0105,0.0086,0.0091,0.0088,0.0071
Coimbatore,Sourcing,0.0008,0.0005,0.0012,0.0005,0.0008,0.0005,0.0005,0.0004,0.0002,0.0003,0.0003,0.0005,0.001,0.0012,0.0014,0.0015,0.0014,0.0011,0.0017,0.0015,0.0018,0.0012
Coimbatore,WH,,0.0005,0.001,0.0013,0.0006,0.0012,0.001,0.001,0.0004,0.0005,0.0005,0.0008,0.0009,0.0009,0.0004,0.0013,0.0012,0.0008,0.0004,0.0005,0.0005,0.0005
Cuddalore,CX,,,,,,,,,,,,,,0.011,,,0.0013,0.0012,,0.0043,0.0028,0.0013
Cuddalore,DP,,,,,,,,,,,,,,0.0044,,0.0014,,,,,,
Cuddalore,Pod,,,,,,,,,,,,,,0.0155,0.0065,0.0042,0.009,0.0098,0.0089,0.0069,0.0085,0.0053
Cuddalore,Sourcing,,,,,,,,,,,,,,0.0022,,,0.0026,0.0012,0.001,0.0017,0.0036,0.0013
Cuddalore,WH,,,,,,,,,,,,,,,,,,0.0012,,0.0026,,0.0007
Cuttack,CX,0.0021,0.0013,0.0013,0.0021,0.0007,0.0014,0.0006,0.0005,0.0008,0.0006,0.0005,0.0014,0.0013,0.0023,0.0014,0.0021,0.0019,0.0021,0.0032,0.003,0.0012,0.0016
Cuttack,DP,,,,0.0004,0.0003,0.0004,,0.0007,0.0005,,0.0005,0.0006,0.0008,0.001,0.0005,0.0002,0.0007,0.0005,,,,
Cuttack,Pod,0.0043,0.0041,0.0049,0.0046,0.0064,0.0042,0.0025,0.003,0.0018,0.0044,0.0045,0.0076,0.0034,0.0038,0.0037,0.0042,0.0049,0.005,0.0036,0.005,0.0056,0.0031
Cuttack,Sourcing,,,,0.0004,0.0003,,0.0003,0.0005,0.0005,,,0.0008,0.0011,0.0008,0.0009,0.0012,0.0016,0.0009,0.002,0.0015,0.0014,0.0012
Cuttack,WH,0.0021,0.0003,,,0.0003,,0.0003,0.0002,,0.0008,,0.0008,0.0003,,,0.0002,,0.0002,,0.0002,0.0003,0.0002
Davanagere,CX,,0.0027,0.0023,0.0025,,0.0038,0.0019,0.0012,0.0048,0.0067,0.0013,0.0048,0.0021,0.0063,0.0024,0.0031,,0.0074,0.0026,0.0025,0.0031,0.001
Davanagere,DP,,0.0011,0.0012,0.0019,,,0.0006,0.0012,0.0027,0.002,,0.0007,0.0014,0.0013,0.0006,,0.0012,,,,,
Davanagere,Pod,,0.0048,0.0058,0.0025,0.005,0.0044,0.005,0.006,0.0059,0.004,0.0044,0.0068,0.0056,0.0158,0.0094,0.0044,0.0036,0.0074,0.0032,0.004,0.0041,0.0046
Davanagere,Sourcing,0.0037,0.0011,,0.0019,0.0007,0.0006,,0.0006,,,0.0013,,0.0007,0.0013,0.0024,0.005,0.0018,0.0031,0.0032,0.0035,0.0015,0.0015
Davanagere,WH,,,,,,,0.0012,,0.0011,0.0007,,,,,0.0006,0.0006,0.0006,,0.0005,0.0005,0.0005,
Dehradun,CX,0.0035,0.0024,0.004,0.0027,0.0024,0.0033,0.004,0.0029,0.0041,0.0018,0.0018,0.0028,0.0048,0.0046,0.0038,0.005,0.0026,0.0022,0.0041,0.0042,0.0029,0.0024
Dehradun,DP,0.0005,0.0007,0.0008,0.0004,0.0001,0.0008,0.0005,0.001,0.0013,0.0012,0.0004,0.0014,0.0012,0.0011,0.0012,0.001,0.0011,0.0018,,,,
Dehradun,Pod,0.0035,0.0052,0.005,0.0059,0.0079,0.0068,0.0053,0.0072,0.009,0.0092,0.0059,0.0104,0.0118,0.0114,0.008,0.01,0.0094,0.009,0.0105,0.0095,0.0095,0.0072
Dehradun,Sourcing,0.0005,0.001,0.0018,0.0008,0.0009,0.0005,0.0001,0.0006,0.0004,0.0009,0.0004,0.0008,0.0018,0.002,0.0018,0.0028,0.0028,0.0034,0.0044,0.003,0.0036,0.0038
Dehradun,WH,0.0005,0.0004,0.0004,0.0007,0.0004,,0.0001,0.0007,0.0003,0.0002,0.0003,0.0003,0.0002,0.0003,0.0004,0.0006,0.0004,0.0005,0.0004,0.0003,0.0005,0.0002
Delhi,CX,0.0028,0.0028,0.0028,0.0028,0.003,0.0034,0.0027,0.0031,0.0039,0.0042,0.0031,0.0036,0.0044,0.0039,0.0036,0.003,0.003,0.0029,0.0025,0.0025,0.0029,0.0024
Delhi,DP,0.0027,0.002,0.0018,0.0019,0.0012,0.0015,0.0018,0.0023,0.0031,0.004,0.0017,0.0019,0.0025,0.0022,0.0013,0.0014,0.0013,0.0012,,,,
Delhi,Pod,0.0079,0.0071,0.0084,0.0073,0.0095,0.0103,0.0097,0.0106,0.0127,0.0124,0.0102,0.014,0.0119,0.0129,0.0127,0.0118,0.0118,0.0116,0.0103,0.0117,0.0116,0.0095
Delhi,Sourcing,0.0038,0.0025,0.0027,0.0023,0.002,0.0022,0.0017,0.0023,0.0033,0.0033,0.0022,0.0029,0.0032,0.0038,0.0029,0.0025,0.0025,0.0025,0.0038,0.0032,0.0034,0.0029
Delhi,WH,0.0004,0.0005,0.0008,0.0008,0.0008,0.0007,0.0007,0.0009,0.001,0.0011,0.001,0.001,0.001,0.0011,0.0013,0.001,0.0014,0.0012,0.0012,0.0012,0.0016,0.0015
Dibrugarh,CX,0.015,0.0038,0.0059,0.0022,0.0063,0.0042,0.0068,0.0055,0.0054,0.0037,0.0043,0.0029,0.0041,0.0027,0.0053,0.0043,0.0025,0.0028,0.0025,0.0039,0.0031,0.0026
Dibrugarh,DP,,0.0023,0.0003,0.0004,0.0004,,,0.0008,0.0012,0.0004,,0.0021,0.0014,0.0005,0.0009,0.0009,0.0004,0.0012,,,,
Dibrugarh,Pod,0.0175,0.0107,0.0119,0.0097,0.0111,0.0084,0.0131,0.0095,0.0115,0.0134,0.0094,0.0156,0.0087,0.0091,0.008,0.0128,0.0074,0.0097,0.0081,0.0063,0.0075,0.0064
Dibrugarh,Sourcing,,,0.0003,0.0007,,0.0004,,,0.0008,0.0004,,,0.0014,0.0018,0.0009,0.0013,0.0008,0.0004,0.0014,0.0007,0.0004,0.0019
Dibrugarh,WH,,0.0008,,,0.0004,0.0004,,0.0004,,,0.0011,0.0004,0.0005,0.0005,0.0009,0.0004,,0.0004,,0.0007,0.0004,
Dindigul,CX,,,,,,,,,,,,,,,,,,,,,0.0105,0.008
Dindigul,Pod,,,,,,,,,,,,0.0057,,0.0039,0.0058,0.0079,0.0075,,0.0013,0.0024,0.0031,0.003
Dindigul,Sourcing,,,,,,,,,,,,,,,0.0019,0.0016,0.0015,0.0028,0.0051,0.0024,,0.002
Dindigul,WH,,,,,,,,,,,,,,,,,,,,0.0012,0.001,0.002
Durgapur,CX,,,0.0031,0.0025,,,,,,,,,,,,,,,,,,
Durgapur,Pod,,0.0032,0.0016,0.0025,,,,,,,,,,,,,,,,,,
Durgapur,WH,,0.0016,,,,,,,,,,,,,,,,,,,,
Eluru,CX,,0.0026,,0.0112,0.0033,0.0033,,0.0024,0.0044,0.0043,0.001,0.0038,0.0017,0.0041,0.0025,0.0041,0.0009,0.0032,0.0008,0.0027,0.0007,0.0025
Eluru,DP,,,,0.0012,,,,0.0024,0.0018,0.0034,0.001,0.0019,0.0044,0.0008,0.0008,0.0016,0.0009,0.0008,,,,
Eluru,Pod,,0.0064,0.0036,0.0125,0.0033,0.0044,0.0047,0.0168,0.0088,0.0077,0.0068,0.0086,0.0087,0.0049,0.0068,0.0074,0.0054,0.0016,0.006,0.0067,0.0046,0.0057
Eluru,Sourcing,,0.0013,0.0024,,0.0022,,0.0009,,0.0009,0.0009,,,0.0009,0.0008,0.0034,0.0008,0.0027,,0.0015,0.0013,0.0007,
Eluru,WH,,0.0013,,,,,0.0019,,0.0018,0.0009,,0.0019,0.0009,0.0016,,0.0016,0.0009,0.0008,0.0023,0.0007,,
Erode,CX,,0.0014,0.0019,0.0006,0.0009,0.0029,0.003,0.0017,0.0009,0.0034,0.0021,0.0038,0.0014,0.001,0.001,0.0021,0.0014,0.0033,0.0012,0.0016,0.0018,0.002
Erode,DP,,0.0019,0.0008,0.0003,0.0006,0.0008,0.0003,0.0012,0.0005,,0.001,0.0008,0.0003,0.0005,0.0002,0.0005,0.0002,0.001,,,,
Erode,Pod,0.0018,0.0039,0.003,0.0019,0.0045,0.0029,0.0038,0.0038,0.003,0.0041,0.0039,0.0055,0.0047,0.0031,0.0053,0.0071,0.0075,0.0092,0.0067,0.0064,0.0053,0.0055
Erode,Sourcing,,0.0003,0.0003,,,0.0003,0.001,,0.0002,,0.0003,0.0003,0.0006,0.0003,0.0007,0.0007,0.0005,0.0005,0.0012,0.0011,0.0007,0.0011
Erode,WH,,0.0008,0.0005,0.0006,,0.0003,0.0003,0.0005,0.0005,0.0002,0.0003,0.0003,,0.0008,0.001,0.0012,0.0005,0.0003,0.0005,0.0005,0.0007,
Faridabad,CX,0.0038,0.0023,0.0026,0.0025,0.0032,0.0029,0.0024,0.0042,0.0052,0.0029,0.0024,0.0054,0.0046,0.004,0.0039,0.0035,0.0036,0.0067,0.0035,0.0062,0.0057,0.0036
Faridabad,DP,0.0027,0.0016,0.0008,0.0019,0.0012,0.0012,0.0009,0.0024,0.0026,0.0035,0.0013,0.0018,0.0032,0.0031,0.0014,0.0018,0.0013,0.0021,,,,
Faridabad,Pod,0.0084,0.0085,0.0075,0.0068,0.0097,0.0112,0.01,0.0115,0.0152,0.0136,0.0098,0.0167,0.0146,0.0143,0.0146,0.0121,0.0119,0.0136,0.0122,0.0145,0.013,0.0108
Faridabad,Sourcing,0.0034,0.0018,0.0023,0.0019,0.0015,0.0009,0.0018,0.0016,0.0012,0.0011,0.0011,0.0011,0.0029,0.0029,0.0042,0.0036,0.0019,0.0042,0.0042,0.0043,0.0046,0.0028
Faridabad,WH,0.0004,0.0006,0.0005,0.0004,0.0005,0.0009,0.0008,0.0002,0.0004,0.0005,0.0005,0.0011,0.0006,0.0006,0.0013,0.0012,0.0014,0.001,0.0006,0.0003,0.0005,0.0008
Gorakhpur,CX,0.0095,,0.0018,0.0012,0.0026,0.003,0.0017,0.003,0.0031,0.0016,,0.0014,0.0005,0.0012,0.0012,0.002,0.0031,0.0011,0.0022,0.0026,0.0024,0.0025
Gorakhpur,DP,,,,,0.0004,0.0009,0.0004,0.0007,0.001,0.0004,,0.0005,,0.0004,0.0016,,0.0008,0.0007,,,,
Gorakhpur,Pod,0.0095,0.0035,0.0059,0.0033,0.0056,0.0043,0.0039,0.0045,0.0079,0.0055,0.0053,0.0072,0.0091,0.0057,0.0055,0.0028,0.0073,0.0094,0.0068,0.0034,0.0032,0.0046
Gorakhpur,Sourcing,,,0.0005,,0.0011,0.0013,0.0013,0.0022,0.0007,0.0012,0.0011,0.0023,0.0005,0.0024,0.0027,0.0059,0.0031,0.0029,0.0022,0.0016,0.0019,0.0008
Gorakhpur,WH,,,,,0.0011,0.0004,0.0009,,0.0003,0.0004,0.0007,0.0005,,0.0012,0.0012,0.0008,0.0004,0.0007,0.0006,,0.0003,0.0003
Guntur,CX,,0.0025,0.0017,0.0045,0.0023,0.0037,0.0045,0.0033,0.0044,0.0039,0.0034,0.0036,0.003,0.0019,0.003,0.0025,0.0025,0.0026,0.0025,0.003,0.003,0.0022
Guntur,DP,,0.0014,0.0014,0.001,0.0007,0.0008,0.001,0.0008,0.0012,0.0015,0.0013,0.0015,0.0012,0.0007,0.001,0.0015,0.0009,0.0011,,,,
Guntur,Pod,0.0036,0.0072,0.0062,0.0064,0.0075,0.009,0.0082,0.0083,0.0091,0.01,0.0095,0.0106,0.0087,0.0062,0.0098,0.0059,0.0094,0.0084,0.0079,0.0084,0.0068,0.006
Guntur,Sourcing,0.0036,0.0015,0.0016,0.0012,0.0003,0.001,0.0007,0.0013,0.0006,0.0001,0.0004,0.0002,0.001,0.0019,0.0015,0.0017,0.0017,0.0017,0.0022,0.002,0.0022,0.0025
Guntur,WH,,0.0008,0.0012,0.001,0.0009,0.001,0.0009,0.0015,0.0006,0.001,0.0011,0.0008,0.0018,0.0014,0.0006,0.0013,0.0014,0.0017,0.0016,0.0013,0.0024,0.001
Gurgaon,CX,0.0024,0.0029,0.0032,0.0027,0.003,0.0031,0.0028,0.0033,0.0042,0.0046,0.0035,0.0054,0.0053,0.0042,0.0038,0.0034,0.003,0.0031,0.0031,0.0032,0.0036,0.003
Gurgaon,DP,0.0034,0.0021,0.0017,0.0022,0.0016,0.0015,0.0022,0.0027,0.0038,0.0043,0.0019,0.0027,0.0028,0.0025,0.0015,0.0017,0.0013,0.0017,,,,
Gurgaon,Pod,0.0086,0.0083,0.0097,0.008,0.01,0.0111,0.0099,0.0107,0.0141,0.0145,0.0126,0.0151,0.0138,0.0149,0.013,0.0116,0.012,0.0132,0.0114,0.0123,0.0135,0.0104
Gurgaon,Sourcing,0.001,0.0012,0.001,0.0014,0.0016,0.0015,0.0015,0.0014,0.0023,0.0022,0.0014,0.0024,0.0026,0.003,0.0026,0.0024,0.0022,0.0021,0.0033,0.0026,0.0034,0.0026
Gurgaon,WH,0.0008,0.0006,0.0006,0.0007,0.0007,0.0006,0.0006,0.001,0.001,0.001,0.0009,0.001,0.0012,0.0012,0.0011,0.0011,0.001,0.0013,0.0009,0.0006,0.0015,0.0015
Guwahati,CX,0.0057,0.0032,0.0053,0.0051,0.0053,0.0038,0.0025,0.0025,0.0032,0.0032,0.0033,0.0043,0.0039,0.0038,0.0055,0.0032,0.0014,0.0032,0.0039,0.0033,0.0046,0.0024
Guwahati,DP,0.001,0.0008,0.0005,0.0006,0.0006,0.0004,0.0007,0.0003,0.0013,0.0004,0.0003,0.0012,0.0008,0.0008,0.0019,0.0013,0.001,0.0018,,,,
Guwahati,Pod,0.0152,0.0124,0.0135,0.0162,0.0101,0.0123,0.0106,0.01,0.0121,0.0115,0.0113,0.0135,0.0128,0.01,0.014,0.0125,0.012,0.011,0.0106,0.0096,0.0112,0.0097
Guwahati,Sourcing,,0.0021,0.0015,0.0017,0.0006,0.0001,0.0004,,0.0003,0.0001,0.0007,0.0008,0.0008,0.0026,0.0026,0.0026,0.0023,0.0026,0.0025,0.002,0.0016,0.0024
Guwahati,WH,,0.0009,0.0003,0.0006,0.0005,0.0003,0.0003,0.0003,0.0002,0.0002,0.0001,0.0012,0.0005,0.0005,0.0007,0.0008,0.0005,0.0004,0.0005,0.0007,0.0005,0.0004
Gwalior,CX,0.0029,0.001,0.0022,0.0019,0.0022,0.0038,0.0036,0.0011,0.0022,0.0043,0.0032,0.0035,0.0059,0.0049,0.0047,0.0058,0.0069,0.0033,0.0052,0.0017,0.0039,0.0083
Gwalior,DP,,0.0002,0.0005,0.0005,0.0006,0.0008,,0.0011,0.0017,0.0002,0.0005,0.0005,0.0019,0.0023,0.0021,0.004,0.0019,0.0024,,,,
Gwalior,Pod,0.0058,0.0063,0.0039,0.0031,0.0063,0.0038,0.0066,0.0088,0.0087,0.0137,0.0082,0.013,0.0111,0.0123,0.0082,0.0088,0.0097,0.0072,0.0114,0.0099,0.0109,0.0108
Gwalior,Sourcing,0.0015,0.0007,0.001,0.0014,0.0009,0.0005,0.0005,0.0003,0.0007,0.0011,0.0009,0.0005,0.0006,0.0034,0.0021,0.002,0.0012,0.0017,0.0052,0.0046,0.0035,0.0034
Gwalior,WH,,0.0002,,0.0002,,,0.0008,0.0003,0.0002,0.0002,0.0002,0.0016,0.0006,0.0006,,0.0015,0.0012,0.0002,0.0006,0.0004,0.0002,0.0005
Hosur,CX,,,,,,,,,,,,,,,,,,,,0.0043,0.0152,0.0033
Hosur,Pod,,,,,,,,,,,,,,,,,,,,0.0085,0.0152,0.0083
Hosur,Sourcing,,,,,,,,,,,,,,,,,,,,0.0085,0.0019,0.0066
Hosur,WH,,,,,,,,,,,,,,,,,,,,,0.0189,0.0033
Hubli,CX,,0.0006,0.0029,0.0022,0.002,0.0022,0.0021,0.0037,0.0018,0.0013,0.0023,0.001,0.0027,0.0012,0.0012,0.0008,0.0022,0.0011,0.0009,0.0008,0.002,0.0018
Hubli,DP,,0.0003,0.0003,0.0003,,0.0006,0.0003,0.0012,0.0012,0.0009,0.0007,0.0007,,0.0004,0.0004,0.0004,0.0007,0.0004,,,,
Hubli,Pod,0.0078,0.0025,0.0038,0.0053,0.0024,0.0057,0.0056,0.0055,0.0055,0.0028,0.0063,0.0038,0.0054,0.0039,0.0046,0.0042,0.0074,0.0041,0.0053,0.0025,0.0044,0.0024
Hubli,Sourcing,0.0039,0.0008,0.0006,0.0006,0.001,0.0003,0.0009,0.0006,0.0003,0.0013,,0.001,0.0008,0.0008,0.0031,0.0012,0.0022,0.0026,0.0009,0.0006,0.0023,0.0006
Hubli,WH,,0.0008,0.0003,0.0009,0.0007,,,0.0003,0.0003,0.0006,0.0007,0.0007,,0.0008,0.0004,0.0008,0.0015,,,,0.0003,
Hyderabad,CX,0.0032,0.0042,0.0043,0.004,0.0055,0.0047,0.0046,0.0044,0.0042,0.004,0.004,0.0047,0.0046,0.0044,0.0043,0.004,0.0043,0.0041,0.0034,0.0031,0.0033,0.0031
Hyderabad,DP,0.0005,0.0009,0.0011,0.0011,0.0009,0.0011,0.0012,0.0021,0.0023,0.002,0.002,0.0023,0.0022,0.0014,0.0016,0.0016,0.0016,0.0017,,,,
Hyderabad,Pod,0.0084,0.0091,0.0078,0.0097,0.0104,0.0104,0.0109,0.0113,0.0117,0.0119,0.0112,0.0132,0.0135,0.0131,0.0114,0.0102,0.0112,0.0118,0.0102,0.0088,0.0084,0.0079
Hyderabad,Sourcing,0.0004,0.0009,0.0008,0.0007,0.0007,0.0007,0.0006,0.0007,0.0008,0.0007,0.0006,0.0006,0.0017,0.0018,0.0021,0.0022,0.0019,0.0018,0.0024,0.0023,0.0027,0.0024
Hyderabad,WH,0.0008,0.0008,0.0008,0.0009,0.0008,0.0009,0.001,0.0008,0.0009,0.0007,0.0009,0.0009,0.0011,0.0009,0.0008,0.0006,0.0008,0.0006,0.0005,0.0008,0.0007,0.0008
Indore,CX,0.0015,0.0035,0.0034,0.0034,0.0042,0.0049,0.0045,0.0047,0.0043,0.0053,0.0044,0.0061,0.0053,0.0039,0.0041,0.0035,0.003,0.003,0.0031,0.0041,0.0023,0.003
Indore,DP,0.001,0.0008,0.0011,0.0008,0.0009,0.0008,0.0009,0.0015,0.0029,0.0031,0.0021,0.0024,0.0015,0.0013,0.0013,0.0018,0.0023,0.0011,,,,
Indore,Pod,0.008,0.0079,0.0089,0.0091,0.0105,0.01,0.0106,0.009,0.0102,0.0143,0.0114,0.0148,0.0144,0.0071,0.0083,0.0072,0.0082,0.0069,0.0076,0.0081,0.008,0.0075
Indore,Sourcing,0.003,0.0015,0.0018,0.0015,0.0017,0.0015,0.0016,0.0014,0.0012,0.0009,0.0015,0.0012,0.0014,0.0017,0.0024,0.0029,0.0032,0.002,0.0031,0.0027,0.0041,0.0026
Indore,WH,,0.0011,0.0008,0.0011,0.0007,0.0006,0.0007,0.0009,0.0005,0.0003,0.0005,0.0007,0.0013,0.0002,0.0002,0.0006,0.0008,0.0004,0.0004,0.0004,0.0008,0.0006
Jabalpur,CX,,0.0006,0.0018,0.0009,0.0021,0.0028,0.0011,0.0017,0.0021,0.004,0.0012,0.0016,0.0021,0.0021,0.0031,0.004,0.0043,0.002,0.0022,0.0019,0.0007,0.0026
Jabalpur,DP,0.0019,,0.0006,0.0006,0.0008,0.0007,0.0007,0.0014,0.0015,0.0012,0.0009,0.002,0.0018,0.0014,0.0022,0.0003,0.002,0.0003,,,,
Jabalpur,Pod,0.0019,0.0018,0.0015,0.0072,0.0076,0.0055,0.0041,0.0038,0.008,0.0087,0.0055,0.0091,0.0088,0.0089,0.0138,0.0076,0.0069,0.0075,0.0057,0.0076,0.0057,0.0043
Jabalpur,Sourcing,0.0019,0.0006,0.0009,0.0009,0.0004,0.001,0.0007,0.002,0.0006,0.0003,,,0.0032,0.0027,0.005,0.0018,0.002,0.0038,0.0035,0.0012,0.001,0.0028
Jabalpur,WH,,,0.0009,0.0006,,0.0003,0.0004,0.0007,0.0009,0.002,0.0003,,0.0004,0.0003,0.0003,0.0003,0.001,0.0003,0.0005,0.0005,0.0005,0.0005
Jaipur,CX,0.0045,0.0029,0.004,0.0035,0.0026,0.0027,0.0026,0.0029,0.0044,0.0044,0.0037,0.0048,0.0045,0.005,0.0035,0.0042,0.0041,0.0036,0.0053,0.0047,0.0047,0.0039
Jaipur,DP,0.0005,0.0005,0.0006,0.0008,0.0005,0.001,0.0012,0.0018,0.0028,0.0018,0.0011,0.002,0.0029,0.0027,0.0013,0.0014,0.0012,0.0014,,,,
Jaipur,Pod,0.01,0.006,0.0088,0.0048,0.0067,0.0069,0.0055,0.0072,0.0093,0.0121,0.0109,0.0101,0.0102,0.0114,0.008,0.0079,0.0084,0.0081,0.0114,0.0119,0.0098,0.0102
Jaipur,Sourcing,0.0026,0.001,0.0007,0.0005,0.0005,0.0004,0.0007,0.0008,0.0005,0.0011,0.0008,0.0009,0.0022,0.003,0.0022,0.0032,0.0024,0.0022,0.0033,0.0026,0.0027,0.0025
Jaipur,WH,0.0016,0.0009,0.0008,0.0011,0.0007,0.0006,0.0004,0.0005,0.0006,0.0006,0.0002,0.0003,0.0009,0.0012,0.0002,0.0009,0.0007,0.0007,0.0006,0.0006,0.0011,0.0007
Jalandhar,CX,,0.0028,0.0005,0.002,0.0005,0.0025,0.0024,0.0014,0.001,0.0063,0.0021,0.0005,0.001,0.0034,0.002,0.0022,0.0029,0.0022,0.0025,0.0064,0.0018,0.0031
Jalandhar,DP,0.0028,0.0009,0.001,0.0005,0.0005,0.0015,0.0005,0.0009,0.0035,0.0036,0.0031,0.001,0.0021,0.0015,0.002,0.0004,0.002,0.0007,,,,
Jalandhar,Pod,,0.0064,0.0048,0.002,0.0037,0.0035,0.0033,0.0061,0.0071,0.0073,0.0052,0.0114,0.0041,0.0073,0.0039,0.0053,0.0053,0.0068,0.008,0.0126,0.0101,0.0085
Jalandhar,Sourcing,,0.0009,,,0.001,0.0005,0.0014,0.0009,0.0005,0.0005,,0.001,0.001,0.0005,0.0015,0.0004,0.0008,0.0025,0.0009,0.0028,0.0034,0.0017
Jalandhar,WH,,0.0005,0.0005,0.0005,,0.001,,,0.0005,0.0005,,0.0005,,,,0.0004,0.0004,0.0007,0.0003,0.0009,0.0003,0.0003
Jamshedpur,CX,0.0013,0.0022,0.0018,0.0025,0.0027,0.0009,0.0035,0.0022,0.0032,0.0027,0.002,0.0091,0.0075,0.0034,0.0067,0.0066,0.0046,0.0037,0.0036,0.0029,0.0036,0.0023
Jamshedpur,DP,,,,0.0007,0.0003,0.0003,0.0006,0.0008,0.0011,0.0002,0.0002,0.0012,0.0004,0.0022,0.0013,0.002,0.0027,0.0013,,,,
Jamshedpur,Pod,0.0026,0.0087,0.0087,0.0097,0.007,0.0054,0.0081,0.0076,0.0089,0.0072,0.0088,0.0202,0.0136,0.0117,0.0119,0.0167,0.016,0.0119,0.0093,0.0091,0.0105,0.0089
Jamshedpur,Sourcing,0.0026,0.0009,0.0007,0.0012,0.0007,0.0003,0.0006,0.0006,0.0005,0.0005,0.0005,0.0002,0.0018,0.0027,0.0019,0.0031,0.0021,0.0021,0.0037,0.0026,0.0014,0.0022
Jamshedpur,WH,0.0013,,0.0002,0.0002,,0.0003,0.0003,,0.0005,0.0005,0.0005,0.0005,0.0009,0.0007,0.0004,0.0018,0.0024,0.0002,0.0006,0.0005,0.0005,0.0005
Jhansi,CX,,0.0015,0.0016,0.0012,0.002,,,,,,,,,,,,,,,,,
Jhansi,DP,,,0.0008,0.0006,0.002,,,,,,,,,,,,,,,,,
Jhansi,Pod,,0.0073,0.0063,0.0053,0.0143,,,,,,,,,,,,,,,,,
Jhansi,Sourcing,0.0043,,0.0016,,,,,,,,,,,,,,,,,,,
Jhansi,WH,,0.0007,,,,,,,,,,,,,,,,,,,,
Jodhpur,CX,,0.001,0.0012,0.007,0.0036,0.0027,0.0021,0.0084,0.0039,0.0105,0.0072,0.0048,0.0057,0.0072,0.0075,0.0111,0.004,0.0054,0.0099,0.0038,0.008,0.0044
Jodhpur,DP,,,0.0004,,0.001,,0.0026,0.0017,0.0011,0.001,,0.001,0.001,0.0006,0.0012,0.0017,0.0005,0.001,,,,
Jodhpur,Pod,0.0101,0.0044,0.006,0.0096,0.0089,0.0059,0.0062,0.0117,0.0151,0.0119,0.0129,0.0164,0.0139,0.0105,0.0133,0.0163,0.0136,0.0114,0.0143,0.0149,0.018,0.0134
Jodhpur,Sourcing,,0.0015,0.0008,0.0004,0.0005,0.0009,,,,,0.0019,0.001,0.0015,0.0028,,0.007,0.003,0.0025,0.0032,0.0038,0.0031,0.003
Jodhpur,WH,,,,0.0004,0.0005,,,0.0006,,0.0005,,,0.0021,0.0011,0.0006,0.0006,0.0005,0.0025,0.002,0.0003,0.0007,0.0007
Kakinada,CX,,0.0014,0.0015,0.0029,0.0017,0.0041,0.0052,0.0026,0.0032,0.0028,0.0025,0.005,0.0023,0.0024,0.0034,0.0012,0.0054,0.007,0.0008,0.0019,0.001,0.0062
Kakinada,DP,0.0033,0.0009,0.0012,,0.0003,0.0017,0.0003,0.0018,0.0013,0.0008,0.0006,0.0009,0.0014,0.0006,,0.0012,0.0012,0.0003,,,,
Kakinada,Pod,0.0033,0.0067,0.0071,0.0065,0.0081,0.0064,0.0074,0.0042,0.0088,0.0062,0.0088,0.0083,0.008,0.0072,0.0061,0.0105,0.0085,0.0108,0.0076,0.0044,0.0037,0.0067
Kakinada,Sourcing,,0.0017,0.0021,0.0015,0.0006,0.0009,0.0011,,0.0005,0.0003,0.0006,0.0003,0.0006,0.0009,0.0027,0.0006,0.0021,0.0015,0.0024,0.0017,0.0025,0.0024
Kakinada,WH,0.0017,0.0012,0.0015,0.0009,0.0014,,,0.0008,0.0008,0.0003,0.0006,0.0003,0.0009,0.0006,0.0003,0.0012,0.0012,0.0009,0.0003,0.0005,0.0015,0.0007
Kanchipuram,CX,0.0017,0.0015,0.0015,0.0031,0.0016,0.002,0.0044,0.0003,0.0038,0.0022,0.0038,0.0045,0.0027,0.0029,0.0067,0.0015,0.0032,0.0015,0.0026,0.0028,0.003,0.0028
Kanchipuram,DP,,0.0003,0.0006,0.0019,0.0008,0.0003,0.0014,0.001,0.001,0.0016,0.0009,0.0021,,0.001,0.0012,0.0003,0.0016,0.0003,,,,
Kanchipuram,Pod,0.0017,0.0037,0.004,0.0043,0.0047,0.0069,0.0085,0.0092,0.0083,0.0066,0.0075,0.0093,0.005,0.0046,0.0092,0.0071,0.0083,0.0073,0.0096,0.0062,0.0081,0.0062
Kanchipuram,Sourcing,,0.0015,0.0012,0.0012,0.0004,0.0003,,0.0007,,,0.0003,,0.0003,0.0016,0.0003,0.0009,0.0006,0.0003,0.0009,0.0008,0.001,0.0013
Kanchipuram,WH,,,,0.0008,,0.0007,0.0007,0.0007,0.0006,,,0.0007,,0.0007,0.0009,0.0009,0.0003,0.0003,0.0009,0.001,0.0003,
Kannur,CX,,0.001,,0.0005,0.0005,0.0015,,0.001,0.0011,0.001,,0.0006,,0.0011,0.0005,0.001,0.001,0.001,0.0018,0.0014,0.0013,
Kannur,DP,,0.0005,,,0.0005,0.0005,,0.0005,0.0006,0.0005,0.001,0.0006,0.0006,,0.001,0.0005,0.0021,0.0015,,,,
Kannur,Pod,0.0028,0.0024,0.002,0.0005,0.0022,0.0005,0.001,0.0036,0.0022,0.0041,0.0016,0.0046,0.0028,0.0017,0.0015,0.0052,0.0036,0.0054,0.0046,0.0088,0.003,0.0021
Kannur,Sourcing,,,,0.0005,0.0005,,0.0005,0.0005,0.0017,,,,0.0006,0.0006,,,0.001,0.002,0.0005,,0.0009,0.0012
Kannur,WH,,,,0.0005,,,,,,0.0005,,,,0.0006,,,0.0005,,0.0005,0.0005,,
Kanpur,CX,0.0024,0.0008,0.0005,0.002,0.0012,0.0011,0.001,0.0015,0.0013,0.0017,0.0014,0.0021,0.0014,0.0007,0.0024,0.0009,0.0015,0.0022,0.0006,0.0022,0.001,0.0004
Kanpur,DP,0.0012,0.0002,,0.001,0.0003,,0.0005,0.0003,0.0005,0.0012,0.0002,0.0008,0.0011,0.0007,0.0015,0.0007,0.0015,0.0007,,,,
Kanpur,Pod,0.0036,0.0041,0.0052,0.0049,0.0018,0.0019,0.0031,0.006,0.0058,0.0106,0.0062,0.0083,0.005,0.0084,0.0057,0.0065,0.0081,0.0082,0.0051,0.0058,0.003,0.0039
Kanpur,Sourcing,0.0036,0.001,0.0002,0.0012,0.0006,0.0003,0.0008,0.0006,0.0005,0.0002,0.0007,0.001,0.0017,0.0031,0.0029,0.0029,0.0041,0.0029,0.0011,0.0019,0.0023,0.0013
Kanpur,WH,,0.0008,0.0002,0.0005,0.0003,0.0003,0.0005,0.0003,0.0008,0.0015,0.0002,0.0005,,0.0005,0.0002,0.0004,,0.0002,0.0011,0.0005,0.0002,0.0003
Karaikkudi,CX,0.0029,0.0005,0.0017,0.0022,0.0014,0.0021,0.0017,0.0012,0.0049,0.0072,0.0048,0.0004,0.0026,0.0062,0.0048,0.002,0.0037,0.003,0.0015,0.0018,0.0035,0.001
Karaikkudi,DP,,0.0005,0.0004,0.0005,0.0014,0.0004,,0.0012,0.0015,0.0011,0.0012,0.0004,0.0009,,0.0012,0.0008,,0.0004,,,,
Karaikkudi,Pod,0.0088,0.006,0.003,0.0054,0.0046,0.0047,0.0067,0.0056,0.009,0.0065,0.0068,0.0061,0.0092,0.0062,0.0056,0.0051,0.0114,0.0043,0.0063,0.0029,0.0095,0.0069
Karaikkudi,Sourcing,,,0.0017,,0.0005,,0.0008,,0.0004,0.0004,,0.0009,0.0004,0.0008,0.0008,0.0008,0.0008,0.0017,0.0007,0.0014,0.0021,0.0007
Karaikkudi,WH,0.0118,,0.0004,0.0014,0.0009,0.0004,0.0008,0.0004,0.0004,,,,0.0026,0.0021,0.0012,0.0008,0.0016,0.0021,,,0.0004,
Karimnagar,CX,,0.0029,0.002,0.0041,0.0028,0.0072,0.0031,0.003,0.0018,0.0041,0.003,0.0014,0.0038,0.0049,0.0016,0.0042,0.0029,0.0011,0.002,0.0029,0.0019,0.0029
Karimnagar,DP,,,0.0011,0.0012,0.0011,0.0011,0.0003,0.0011,0.0015,0.0026,0.0015,0.002,0.002,0.0013,0.0006,0.0007,0.0003,0.0011,,,,
Karimnagar,Pod,0.0063,0.0072,0.0042,0.0081,0.0067,0.0089,0.0076,0.008,0.0041,0.0067,0.0068,0.013,0.0106,0.0069,0.0079,0.0049,0.0095,0.0071,0.0068,0.007,0.0056,0.0053
Karimnagar,Sourcing,0.0021,0.0003,0.0008,0.0009,0.0006,0.0006,0.0006,0.0006,,,0.0003,0.0007,0.0007,0.0013,0.0009,0.002,0.0023,0.0011,0.0013,0.0013,0.0029,0.0005
Karimnagar,WH,0.0021,0.0009,0.0003,0.0019,0.0003,0.0003,,,,0.0012,0.0009,0.0007,0.001,0.002,0.0003,,0.0014,0.0006,0.0008,,0.0005,
Karnal,CX,0.0057,,0.0046,0.0021,,0.0008,0.0017,0.0032,0.0024,0.0017,0.003,0.0056,0.0066,,0.0027,0.0041,0.002,0.0048,0.0028,0.0031,0.0056,0.0034
Karnal,DP,0.0057,0.0026,,,,,,0.0008,0.0024,,0.001,0.0028,0.0009,0.0039,,,0.001,0.0063,,,,
Karnal,Pod,0.0057,0.0051,0.0065,0.0043,0.0044,0.0085,0.0069,0.0128,0.0126,0.0104,0.0069,0.0178,0.0123,0.0068,0.0165,0.0134,0.0102,0.0127,0.005,0.0086,0.0074,0.0097
Karnal,Sourcing,,0.0017,0.0019,0.0043,,,,,,,,,0.0009,0.0039,0.0064,0.0041,0.0102,0.0024,0.0028,0.0012,0.0056,0.0034
Karnal,WH,,,0.0019,,,,0.0009,,0.0016,0.0026,0.001,0.0038,0.0009,,0.0009,0.0021,0.001,,0.0007,,0.0012,0.0006
Karur,CX,0.0021,0.0017,0.001,0.0004,0.0011,0.0007,0.002,0.0013,0.0016,0.0022,0.0003,0.0031,0.0007,0.0014,0.0007,0.0017,0.0011,0.0018,0.001,0.0003,0.0006,0.0013
Karur,DP,,0.0007,0.0003,0.0004,0.0007,0.0003,0.0007,0.001,0.0009,0.0013,0.0003,0.0007,0.0004,0.001,0.0004,0.0014,,,,,,
Karur,Pod,,0.0024,0.0031,0.0022,0.0025,0.0031,0.003,0.0037,0.0053,0.0041,0.0047,0.0059,0.0028,0.0048,0.005,0.0049,0.0042,0.0072,0.0044,0.0052,0.0036,0.0038
Karur,Sourcing,,0.0007,,0.0004,0.0004,,0.0007,,,0.0003,,,0.0004,0.0003,0.0014,0.0007,,0.0007,0.0013,0.0003,0.0006,0.001
Karur,WH,,0.0007,,0.0004,,,,,0.0006,0.0003,0.0003,,,,0.0004,0.001,0.0011,,0.001,0.0007,0.0003,0.0006
Khammam,CX,0.0012,0.0011,0.0024,0.0056,0.0016,0.001,0.0016,0.003,0.0025,0.0013,0.002,0.0025,0.0052,0.0036,0.0021,0.0046,0.0023,0.0051,0.0032,0.0025,0.0027,0.0045
Khammam,DP,,0.0004,0.0007,0.0006,0.0004,0.0012,0.0004,0.0013,0.0002,0.0004,0.0013,0.0008,0.0006,0.0009,0.0006,0.0008,0.0014,0.0014,,,,
Khammam,Pod,0.0071,0.0044,0.0063,0.0043,0.005,0.0043,0.0059,0.0069,0.0057,0.0052,0.0075,0.0098,0.0095,0.0066,0.0055,0.0068,0.0064,0.0078,0.0045,0.0069,0.0062,0.0057
Khammam,Sourcing,0.0012,0.0011,0.0007,0.0008,0.0004,0.0008,0.0002,0.0006,,,,0.0004,0.0006,0.0002,0.0008,0.0019,0.0008,0.0002,0.0011,0.0009,0.0016,0.0016
Khammam,WH,0.0012,0.0002,0.0004,0.001,,0.0006,0.0002,,0.0015,,0.0007,0.0002,,0.0009,0.0006,0.0013,0.0006,0.0006,0.0005,0.0012,,0.0005
Kochi,CX,0.0013,0.001,0.0012,0.0012,0.0011,0.0011,0.0011,0.0014,0.0013,0.0013,0.0013,0.0019,0.0014,0.0011,0.0013,0.0012,0.0012,0.0015,0.001,0.0015,0.0014,0.0014
Kochi,DP,0.0003,0.001,0.001,0.0008,0.001,0.0006,0.0005,0.0011,0.0022,0.0012,0.0009,0.0007,0.0005,0.0005,0.0005,0.0005,0.0004,0.0009,,,,
Kochi,Pod,0.0042,0.0034,0.0031,0.0043,0.0032,0.0035,0.0047,0.0053,0.0043,0.0042,0.0046,0.0065,0.0047,0.0047,0.0044,0.0049,0.007,0.0058,0.0041,0.0043,0.0042,0.0042
Kochi,Sourcing,0.0014,0.001,0.001,0.0007,0.0003,0.0004,0.0002,0.0003,0.0004,0.0003,0.0003,0.0003,0.0006,0.0005,0.0006,0.001,0.0008,0.0007,0.0017,0.0015,0.0017,0.0019
Kochi,WH,0.0003,0.0003,0.0004,0.0003,0.0002,0.0002,0.0002,0.0003,0.0002,0.0002,0.0002,0.0002,0.0002,0.0002,0.0001,0.0003,0.0003,0.0003,0.0002,0.0002,0.0004,0.0002
Kolhapur,CX,0.0063,0.0016,0.0017,0.0017,0.0005,,0.0025,0.0024,0.0014,0.0014,0.0034,0.0014,0.0036,0.0012,0.0038,0.003,0.0016,0.0028,0.0007,0.002,0.0026,0.0017
Kolhapur,DP,0.0031,,,,0.0009,0.0005,0.0005,0.0014,0.0005,0.0005,,0.0005,0.001,0.0006,0.0009,0.0015,0.0004,,,,,
Kolhapur,Pod,0.0063,0.0037,0.0046,0.003,0.0055,0.0043,0.0061,0.0104,0.0075,0.0054,0.0094,0.0053,0.0057,0.0079,0.008,0.0096,0.0098,0.0047,0.0071,0.0063,0.0037,0.0045
Kolhapur,Sourcing,,0.0012,0.0017,0.0004,0.0005,,0.003,0.0014,,0.0005,0.0013,0.001,,0.0018,0.0014,0.004,0.0041,0.0028,0.0003,0.0013,0.0033,0.001
Kolhapur,WH,,0.0004,0.0004,,,,,,0.0005,,,,,,,,0.0004,0.0004,,0.001,0.0004,0.0003
Kolkata,CX,0.0013,0.0016,0.0022,0.002,0.0025,0.0023,0.0023,0.002,0.0022,0.0023,0.002,0.0025,0.0021,0.0031,0.0028,0.0026,0.0037,0.0033,0.0028,0.0023,0.0032,0.0027
Kolkata,DP,0.0007,0.0008,0.001,0.0012,0.001,0.001,0.001,0.0012,0.002,0.0014,0.001,0.0008,0.0008,0.0013,0.0012,0.0015,0.0014,0.0018,,,,
Kolkata,Pod,0.0042,0.0047,0.0057,0.0048,0.0057,0.0064,0.006,0.0068,0.0067,0.0063,0.0058,0.0084,0.008,0.0098,0.0092,0.0107,0.0114,0.0115,0.0105,0.0121,0.0121,0.0112
Kolkata,Sourcing,0.0023,0.0016,0.0017,0.0017,0.0017,0.0018,0.0016,0.0021,0.0025,0.0017,0.0015,0.0023,0.0027,0.0025,0.0022,0.0017,0.0016,0.0022,0.0038,0.0035,0.0032,0.0029
Kolkata,WH,0.0003,0.0005,0.0003,0.0004,0.0005,0.0002,0.0004,0.0004,0.0004,0.0005,0.0005,0.0004,0.0003,0.0007,0.0007,0.0007,0.0012,0.0009,0.0012,0.001,0.001,0.0009
Kollam,CX,0.0007,0.0006,0.0009,0.0011,0.0006,0.0003,0.0007,0.0003,0.0002,0.001,0.0003,0.0004,0.0009,0.0005,0.0001,0.0003,0.001,0.0004,0.0005,0.0007,0.0006,0.0005
Kollam,DP,,0.0002,,0.0007,0.0004,0.0005,0.0002,0.0003,0.0007,0.0001,0.0003,0.0002,0.0001,0.0005,0.0004,0.0007,0.0003,0.0003,,,,
Kollam,Pod,0.0013,0.0017,0.0017,0.0012,0.0015,0.0014,0.002,0.003,0.0021,0.0017,0.0034,0.0029,0.0058,0.0027,0.0033,0.0041,0.0031,0.0024,0.002,0.0034,0.0029,0.002
Kollam,Sourcing,0.0007,0.0018,0.0009,0.0009,0.0014,0.0003,0.0003,0.0008,0.0006,0.0004,0.0006,0.0006,0.0011,0.0007,0.0006,0.0006,0.0006,0.0009,0.0006,0.0009,0.0012,0.0009
Kollam,WH,,,0.0004,,0.0001,0.0007,0.0001,0.0002,0.0007,0.0001,0.0001,,,0.0001,0.0001,0.0002,0.0002,0.0003,0.0001,0.0003,0.0004,0.0002
Kota,CX,0.0061,0.0038,0.0021,0.0011,0.0026,0.0022,0.0032,0.0019,0.0041,0.0038,0.005,0.004,0.0052,0.0069,0.0038,0.0037,0.0045,0.0008,0.002,0.0011,,
Kota,DP,0.001,0.0002,,0.0005,0.0009,0.0014,0.0023,0.001,0.0018,0.0024,0.0003,0.0024,0.0012,0.0016,0.0017,0.0008,,0.0033,,,,
Kota,Pod,0.0092,0.0102,0.0068,0.0027,0.0073,0.0056,0.012,0.0061,0.01,0.0118,0.0113,0.0085,0.0124,0.0086,0.0118,0.0158,0.0113,0.0106,0.0048,0.0073,0.0088,0.0059
Kota,Sourcing,0.0041,0.001,0.0006,0.0007,0.0023,0.0053,0.0042,0.0042,0.0062,0.0051,0.0037,0.0028,0.0032,0.0049,0.0051,0.0046,0.0023,0.0057,0.0034,0.0034,0.004,0.0039
Kota,WH,,0.0005,0.0008,0.0002,0.0012,0.0003,0.0003,0.001,0.0006,0.0003,0.0003,0.0008,0.0004,0.002,0.0013,0.0017,0.0015,0.0024,,0.0011,,0.002
Kottayam,CX,,0.0003,0.0007,0.0006,0.0009,0.0003,,0.0009,0.0005,0.0003,0.0012,0.0009,0.0009,,0.0003,0.0003,0.0006,0.0005,0.0005,0.0008,0.0005,0.0006
Kottayam,DP,,0.001,0.0003,0.0008,0.0004,0.0009,0.0004,0.0007,0.001,0.0005,0.0011,0.0004,,0.0002,0.0003,0.0007,0.0006,0.0008,,,,
Kottayam,Pod,0.0034,0.0019,0.0019,0.0025,0.0013,0.0019,0.0013,0.0029,0.0014,0.0022,0.003,0.0034,0.0026,0.0018,0.0023,0.0022,0.0051,0.0038,0.0039,0.0035,0.0032,0.0025
Kottayam,Sourcing,,0.0003,0.0005,0.001,0.0004,0.0002,0.0007,0.0005,0.0009,0.0007,0.0004,0.0013,0.0006,0.0002,0.0007,0.0005,0.0003,0.0008,0.0005,0.0003,0.0003,0.0015
Kottayam,WH,,0.0003,0.0002,,,0.0002,,0.0007,0.0002,0.0007,0.0005,,0.0004,0.0002,0.0003,0.0003,0.0003,0.0003,,0.0006,0.0003,0.0001
Kozhikode,CX,,0.0012,0.0013,0.0016,0.0011,0.0006,0.0007,0.0013,0.0008,0.0012,0.0012,0.002,0.001,0.0009,0.0005,0.001,0.0021,0.0014,0.001,0.0001,0.0015,0.0006
Kozhikode,DP,0.0009,0.0013,0.0008,0.0006,0.0019,0.0006,0.0005,0.0011,0.0012,0.001,0.0013,0.0011,0.0004,0.0005,0.0005,0.0005,0.0003,0.0006,,,,
Kozhikode,Pod,0.0027,0.0026,0.0019,0.003,0.0025,0.0029,0.0025,0.003,0.0026,0.0021,0.0036,0.0039,0.0028,0.0036,0.0051,0.0057,0.0124,0.0058,0.0026,0.0035,0.0056,0.0027
Kozhikode,Sourcing,,0.0006,0.0007,0.0008,0.0012,0.0006,0.001,0.0011,0.0006,0.0007,0.001,0.001,0.001,0.0005,0.0006,0.001,0.0006,0.0008,0.001,0.0004,0.001,0.0007
Kozhikode,WH,,0.0003,0.0003,0.0007,0.0001,0.0006,0.0005,0.001,0.0002,0.0003,0.0003,0.0004,0.0004,0.0006,0.0001,0.0008,0.0009,0.0005,0.0002,0.0006,0.0002,0.0004
Kurnool,CX,0.0036,0.0035,0.0042,0.0038,0.0052,0.0049,0.0026,0.0037,0.0028,0.0029,0.0037,0.0034,0.0063,0.0026,0.0042,0.0033,0.0038,0.0032,0.0019,0.0009,0.0032,0.0015
Kurnool,DP,0.0012,0.0013,0.001,0.0014,0.0022,0.0009,0.0015,0.0025,0.0017,0.0025,0.0013,0.0011,0.0012,0.0021,0.0017,0.001,0.0015,0.0023,,,,
Kurnool,Pod,0.0121,0.0058,0.0057,0.01,0.0062,0.0056,0.0069,0.0045,0.0062,0.0062,0.0081,0.0078,0.0084,0.0088,0.0078,0.0096,0.0106,0.0101,0.0061,0.0065,0.0076,0.0045
Kurnool,Sourcing,0.0024,0.0015,0.0015,0.002,0.0019,0.0018,0.0021,0.0031,0.0033,0.0027,0.0027,0.0049,0.0012,0.0028,0.0032,0.0006,0.0017,0.0013,0.0018,0.0019,0.0021,0.0014
Kurnool,WH,0.0012,0.0006,0.0011,0.0009,0.0019,0.0007,0.0007,0.0008,0.0007,0.0008,0.001,0.0007,0.0008,0.0008,0.0008,0.0008,0.0012,0.0013,0.0011,0.0015,0.0016,0.0015
Kurukshetra,CX,,0.0009,0.0009,0.0044,,,,,,,,,,,,,,,,,,
Kurukshetra,DP,,0.0038,0.0009,,,,,,,,,,,,,,,,,,,
Kurukshetra,Pod,0.0181,0.0066,0.0056,0.0011,,,,,,,,,,,,,,,,,,
Kurukshetra,Sourcing,,0.0009,,0.0022,,,,,,,,,,,,,,,,,,
Kurukshetra,WH,,,,0.0022,,,,,,,,,,,,,,,,,,
Latur,CX,,0.0019,0.003,0.0009,0.0027,0.0012,0.0054,0.0028,0.002,0.0027,0.001,0.0121,,,0.0021,0.0068,0.0046,0.0034,0.0034,0.0008,0.0025,0.0035
Latur,DP,,,0.002,,,,,0.001,0.002,0.0035,0.001,0.0024,,,,,,0.0009,,,,
Latur,Pod,0.0068,0.0056,0.0111,0.0056,0.004,0.0047,0.0054,0.0085,0.0091,0.0089,0.0067,0.0206,0.0084,0.0082,0.0103,0.0117,0.0093,0.0069,0.0118,0.0097,0.0116,0.0035
Latur,Sourcing,0.0068,,,,,0.0024,0.0021,,0.004,0.0027,,0.0036,,0.0023,0.001,0.001,0.0015,0.0026,0.0042,0.0032,0.005,0.0009
Latur,WH,,0.0009,0.001,,0.0013,,0.0011,0.0019,0.003,,,0.0036,,,0.001,0.001,,0.0026,0.0067,,0.0017,0.0009
Lonavla,CX,0.0085,0.0012,0.0054,0.0042,0.0036,0.0032,0.0026,0.0026,,0.0036,0.0048,,0.0035,0.0047,0.005,0.0014,0.0011,0.0018,0.0008,,0.0016,0.0016
Lonavla,DP,0.0085,0.0024,0.0013,,0.0012,,0.0026,0.0013,0.0028,0.0012,,0.0033,0.0012,0.0009,0.0008,0.0014,,0.0018,,,,
Lonavla,Pod,0.0171,0.0095,0.0148,0.0097,0.0071,0.0116,0.0117,0.0066,0.0028,0.0083,0.0012,0.0054,0.0046,0.0085,0.0109,0.0095,0.0078,0.0035,0.0048,0.0105,0.0072,0.0086
Lonavla,Sourcing,,0.0012,0.0013,,0.0024,0.0011,,0.0026,0.0014,0.0012,0.0036,0.0033,0.0012,0.0019,0.0008,0.0027,,0.0018,0.0016,0.0015,0.0032,0.0023
Lonavla,WH,,,,,0.0024,0.0011,0.0013,,0.0014,0.0012,,0.0011,0.0012,,,,,0.0009,0.0008,,,0.0008
Lucknow,CX,0.0003,0.0009,0.0015,0.0018,0.0008,0.0008,0.001,0.0009,0.0008,0.0011,0.002,0.0029,0.0017,0.0017,0.0016,0.0012,0.0015,0.0021,0.002,0.0011,0.0014,0.0025
Lucknow,DP,,0.0003,0.0002,0.0003,0.0005,0.0004,0.0003,0.001,0.0012,0.0012,0.0013,0.0013,0.0009,0.001,0.0005,0.0004,0.0005,0.0013,,,,
Lucknow,Pod,0.0037,0.0037,0.0054,0.005,0.0042,0.0037,0.004,0.0043,0.0055,0.0052,0.0054,0.0059,0.0065,0.0038,0.005,0.0047,0.0058,0.0075,0.0061,0.006,0.0059,0.0055
Lucknow,Sourcing,0.0006,0.0004,0.001,0.0013,0.0013,0.0009,0.0023,0.0022,0.0022,0.0039,0.002,0.0024,0.0018,0.0019,0.0011,0.0008,0.0014,0.0018,0.0026,0.0014,0.0019,0.0017
Lucknow,WH,0.0003,0.0003,0.0003,0.0007,0.0006,0.0004,0.0002,0.0008,0.0005,0.0004,0.0005,0.0005,0.0003,0.0005,0.0006,0.0005,0.0008,0.0008,0.0008,0.0012,0.0007,0.0007
Ludhiana,CX,0.0027,0.0026,0.0019,0.0006,0.0021,0.0015,0.0043,0.0027,0.002,0.0039,0.0022,0.0022,0.0022,0.0021,0.0022,0.0013,0.0016,0.0017,0.001,0.0019,0.003,0.0014
Ludhiana,DP,0.0034,0.0024,0.0014,0.0006,0.0016,0.0022,0.0008,0.0021,0.003,0.0029,0.0017,0.0017,0.0015,0.0019,0.0006,0.0012,0.0003,0.0013,,,,
Ludhiana,Pod,0.0102,0.0065,0.0062,0.0049,0.0037,0.0038,0.005,0.0053,0.0055,0.0066,0.0064,0.0061,0.0071,0.0063,0.0059,0.0053,0.0061,0.0062,0.0068,0.0081,0.0077,0.006
Ludhiana,Sourcing,,0.0013,0.0013,0.001,0.0007,0.0017,0.0008,0.0024,0.0023,0.0023,0.0016,0.0023,0.0013,0.0019,0.0011,0.002,0.0019,0.0012,0.0027,0.0026,0.0032,0.003
Ludhiana,WH,0.0007,0.0001,0.0005,0.0006,0.0005,0.0003,0.0012,0.0009,0.001,0.0001,0.0004,0.0003,0.0004,0.0004,0.0008,0.0009,0.0006,0.0001,0.0006,0.0002,0.0012,0.0008
Madurai,CX,0.0029,0.0028,0.002,0.0017,0.0024,0.003,0.0023,0.0021,0.0031,0.0015,0.0028,0.004,0.0018,0.002,0.0029,0.0032,0.0031,0.0033,0.0019,0.0022,0.0023,0.0009
Madurai,DP,,0.0007,0.0013,0.0011,0.0011,0.0006,0.0011,0.0014,0.0011,0.0007,0.0007,0.0005,0.0005,0.0008,0.0008,0.0008,0.0003,0.0006,,,,
Madurai,Pod,0.0079,0.0053,0.0053,0.0047,0.0047,0.0056,0.0068,0.0053,0.0045,0.0043,0.0064,0.0069,0.0054,0.0052,0.0072,0.0103,0.0097,0.007,0.0076,0.0055,0.0061,0.0056
Madurai,Sourcing,0.0007,0.0007,0.0012,0.0014,0.0009,0.0018,0.0018,0.0008,0.0014,0.0012,0.0007,0.001,0.0005,0.0008,0.001,0.0012,0.002,0.0011,0.0015,0.0015,0.0019,0.0014
Madurai,WH,,0.001,0.0009,0.0009,0.001,0.0012,0.0008,0.0011,0.0008,0.0007,0.0011,0.001,0.0012,0.0006,0.0009,0.0013,0.001,0.0018,0.0017,0.0016,0.0009,0.0005
Mangaluru,CX,0.0015,0.0027,0.0034,0.0021,0.0019,0.0028,0.0029,0.0026,0.0032,0.0025,0.0019,0.0028,0.0019,0.0016,0.0021,0.0021,0.0022,0.0019,0.0018,0.0016,0.0012,0.0015
Mangaluru,DP,0.0006,0.0004,0.0005,0.0004,0.0008,0.001,0.0004,0.001,0.0011,0.0014,0.001,0.0006,0.0008,0.0002,0.001,0.0006,0.0004,0.0008,,,,
Mangaluru,Pod,0.0034,0.0063,0.0064,0.0068,0.0054,0.0056,0.0054,0.0067,0.0063,0.0056,0.0069,0.0079,0.007,0.0076,0.0067,0.0075,0.009,0.007,0.0072,0.0052,0.0048,0.0038
Mangaluru,Sourcing,0.0012,0.0012,0.0013,0.0011,0.0016,0.0018,0.0014,0.002,0.0028,0.0018,0.0021,0.0014,0.0019,0.0016,0.0016,0.0015,0.0014,0.0015,0.0021,0.0016,0.0011,0.0019
Mangaluru,WH,,0.0004,0.0005,0.0009,0.0008,0.0005,0.0007,0.0004,0.0006,0.0005,0.0008,0.0008,0.0005,0.0003,0.0003,0.0006,0.0011,0.0005,0.0009,0.0008,0.0008,0.0007
Manipal,CX,0.003,0.0024,0.0021,0.0032,0.0029,0.0027,0.002,0.002,0.001,0.0016,0.0009,0.0031,0.0021,0.0025,0.0015,0.0032,0.0029,0.0021,0.0015,0.0005,0.0013,0.0014
Manipal,DP,0.0015,0.0006,0.0012,0.0003,0.0006,0.0007,0.0005,0.0011,0.0006,0.0016,0.0004,0.0008,0.0013,0.0009,0.0007,0.0008,0.0009,0.0003,,,,
Manipal,Pod,0.0059,0.0046,0.0073,0.0048,0.0067,0.0039,0.004,0.0042,0.0058,0.0052,0.0055,0.0094,0.0072,0.0083,0.0061,0.0092,0.008,0.0089,0.006,0.0042,0.0049,0.0051
Manipal,Sourcing,0.0007,0.0006,0.001,0.0006,0.0009,0.0006,0.0006,0.0009,0.0008,0.0023,0.0013,0.0018,0.0014,0.0028,0.0015,0.0008,0.0007,0.0014,0.0023,0.0014,0.0011,0.0014
Manipal,WH,,0.0004,0.0005,0.0006,0.0009,0.0004,0.0003,0.0008,0.0006,0.0006,0.0006,,0.0006,0.001,0.0004,0.001,0.0012,0.001,0.001,0.0005,0.0007,0.0008
Mathura,CX,,0.0008,,,0.001,0.0017,0.0056,0.0016,0.0145,0.0073,0.0075,0.0023,0.0056,0.0033,0.0038,0.0054,0.0011,0.0026,0.0009,0.003,0.0005,0.0005
Mathura,DP,,,,,0.001,,,0.0016,0.0029,0.0036,0.0007,,,,0.0008,,0.0005,0.0016,,,,
Mathura,Pod,0.0056,0.0071,0.005,0.004,0.0063,0.0034,0.0048,0.0057,0.0044,0.0087,0.0054,0.0045,0.0046,0.0115,0.0092,0.0125,0.0098,0.0088,0.01,0.0055,0.0079,0.0032
Mathura,Sourcing,,,0.0008,0.0008,0.0042,,0.0024,0.0008,0.0087,0.0095,0.0027,0.003,0.0028,0.0066,0.0008,0.0018,0.0016,0.0036,0.0045,0.0034,0.0009,0.0005
Mathura,WH,,,,0.0016,,,,0.0008,0.0007,0.0022,0.0007,,0.0009,0.0016,0.0008,0.0012,0.0011,0.0016,0.0005,0.0008,0.0014,
Meerut,CX,0.0026,0.0027,0.0036,0.0019,0.0014,0.0042,0.0019,0.0013,0.0047,0.0034,0.0018,0.0017,0.0032,0.003,0.0025,0.0013,0.0022,0.0045,0.0026,0.0013,0.0048,0.0019
Meerut,DP,,0.0024,0.0031,0.0016,0.0006,0.0016,0.0012,0.0031,0.0016,0.0044,0.0025,0.0027,0.002,0.0012,0.0007,0.0021,0.0014,0.0028,,,,
Meerut,Pod,0.0077,0.0124,0.0135,0.0065,0.0088,0.0096,0.0067,0.0089,0.0095,0.0118,0.0088,0.014,0.0118,0.0086,0.0109,0.0066,0.0103,0.0121,0.0077,0.0106,0.0154,0.0108
Meerut,Sourcing,0.0026,0.003,0.0033,0.0016,0.0055,0.0033,0.0034,0.0037,0.0041,0.0056,0.0041,0.0072,0.0029,0.0033,0.0017,0.0021,0.0024,0.0028,0.004,0.0039,0.0043,0.0036
Meerut,WH,,0.0018,0.0005,0.0012,0.0004,0.0011,0.0012,0.0004,,0.0006,0.0002,0.0005,0.0012,0.0019,0.0017,0.0011,0.0003,0.0014,0.0007,0.0006,0.0012,0.0017
Moradabad,CX,,0.0007,0.0004,0.0026,0.0039,0.004,0.0022,0.0018,0.0022,0.0021,0.0011,0.0046,0.0038,0.0027,0.0019,0.0054,0.0019,0.0022,0.0024,0.0008,0.0018,0.0011
Moradabad,DP,,0.0011,0.0004,0.0004,0.001,0.0013,0.0013,0.0014,0.0022,0.0007,0.0007,0.0017,0.0009,,0.0014,0.0032,0.0011,0.0004,,,,
Moradabad,Pod,0.0026,0.0033,0.0074,0.0056,0.0044,0.0071,0.0076,0.0028,0.0062,0.0048,0.0044,0.0109,0.008,0.008,0.0105,0.0104,0.008,0.0096,0.0062,0.0074,0.0036,0.0055
Moradabad,Sourcing,,0.0004,0.0004,0.0004,0.0015,0.0013,0.0009,0.0009,0.0033,0.0055,0.0033,0.0017,0.0052,0.0013,0.0019,0.0018,0.0015,0.003,0.0031,0.0016,0.0032,0.0018
Moradabad,WH,,0.0004,0.0004,0.0009,0.0005,0.0004,,0.0005,0.0007,0.0003,0.0007,,0.0005,0.0004,,0.0023,0.0023,0.0015,0.0027,0.0014,0.0018,
Mumbai,CX,0.0029,0.003,0.0045,0.0027,0.003,0.0034,0.0028,0.0029,0.0027,0.0025,0.0028,0.0035,0.0036,0.0038,0.0031,0.003,0.0031,0.0032,0.0029,0.0037,0.003,0.003
Mumbai,DP,0.0013,0.0018,0.0017,0.0009,0.0017,0.0013,0.0013,0.0014,0.0015,0.0015,0.0013,0.0014,0.0012,0.0013,0.0012,0.0013,0.0012,0.001,,,,
Mumbai,Pod,0.006,0.0069,0.0081,0.0077,0.0068,0.0082,0.0065,0.0083,0.008,0.0077,0.0083,0.0115,0.011,0.0122,0.0099,0.0111,0.0094,0.0104,0.0088,0.0121,0.0099,0.009
Mumbai,Sourcing,0.0009,0.0011,0.0011,0.001,0.0014,0.0016,0.0013,0.0017,0.0018,0.0017,0.0015,0.002,0.0021,0.002,0.0018,0.002,0.0016,0.0015,0.0018,0.0016,0.0024,0.0022
Mumbai,WH,0.0006,0.0006,0.0007,0.0007,0.0008,0.0009,0.0007,0.0009,0.0008,0.0009,0.0011,0.0011,0.001,0.0012,0.001,0.0011,0.0014,0.0013,0.0007,0.0008,0.001,0.001
Muzaffarpur,CX,,0.0052,0.0047,0.0049,0.0034,0.0036,0.0038,0.0011,0.0046,0.0037,0.0029,0.0044,0.0043,0.0064,0.0039,0.0097,0.0074,0.0047,0.0086,0.0052,0.0049,0.0034
Muzaffarpur,DP,,,,,,0.0009,,,0.0011,0.0018,,0.0026,0.0034,0.0048,0.0016,0.0008,0.0028,0.0016,,,,
Muzaffarpur,Pod,,0.019,0.0142,0.0077,0.0067,0.0162,0.0104,0.0079,0.0149,0.0111,0.0086,0.0105,0.0188,0.0185,0.0126,0.0226,0.0194,0.0212,0.0212,0.0228,0.0136,0.0123
Muzaffarpur,Sourcing,,0.0035,0.0038,0.0021,0.0034,0.0009,0.0009,0.0034,0.0023,0.0018,0.0019,0.0026,0.0026,0.0016,0.0039,0.0073,0.0018,0.0031,0.0052,0.0062,0.0033,0.0051
Muzaffarpur,WH,,0.0017,,0.0007,0.0011,0.0009,0.0009,0.0011,0.0011,,,,,,,0.0024,0.0009,0.0039,0.0017,0.001,0.0022,0.0011
Mysore,CX,0.0023,0.0018,0.0019,0.0027,0.0016,0.002,0.0019,0.0019,0.0024,0.0018,0.0024,0.0027,0.0021,0.0023,0.0025,0.0021,0.0017,0.0018,0.002,0.0011,0.0015,0.0017
Mysore,DP,0.0009,0.0009,0.0005,0.0005,0.0009,0.0017,0.0008,0.0014,0.0012,0.0016,0.001,0.0014,0.0008,0.001,0.0007,0.0008,0.001,0.0004,,,,
Mysore,Pod,0.0032,0.0045,0.0047,0.0062,0.0048,0.0051,0.0048,0.005,0.0058,0.0067,0.0052,0.0074,0.0074,0.0055,0.0073,0.0074,0.0071,0.0075,0.0059,0.0055,0.0055,0.0049
Mysore,Sourcing,0.0012,0.0016,0.0016,0.0018,0.0026,0.002,0.0018,0.002,0.0026,0.0023,0.0032,0.0024,0.0018,0.0019,0.0016,0.0015,0.0012,0.0012,0.0023,0.002,0.0021,0.0018
Mysore,WH,0.0009,0.0004,0.0006,0.0009,0.0006,0.0009,0.0014,0.0007,0.001,0.0008,0.0015,0.001,0.0012,0.0006,0.0008,0.001,0.0015,0.0017,0.001,0.001,0.0012,0.0006
Nagercoil,CX,,0.0006,0.0006,,0.0009,0.0008,0.0003,,0.0018,0.0008,0.0008,0.0006,0.0005,0.0048,0.0005,0.0005,0.0015,0.0007,0.0005,0.0002,0.0007,0.0004
Nagercoil,DP,,0.0006,0.0003,,0.0009,,0.0008,0.0008,0.0003,0.0003,0.0003,0.0009,0.0005,0.0008,,,0.0007,0.001,,,,
Nagercoil,Pod,0.0055,0.0023,0.0014,0.0009,0.0015,0.0018,0.002,0.0034,0.0036,0.0021,0.0028,0.0037,0.0024,0.0029,0.0043,0.0022,0.0017,0.0019,0.0025,0.0027,0.0033,0.0046
Nagercoil,Sourcing,0.0018,0.0006,0.0008,0.0003,,0.0013,0.002,0.0016,,0.0003,0.001,,,0.0011,0.0005,0.0002,0.0002,0.0002,0.0002,0.0002,0.0011,0.0017
Nagercoil,WH,,,0.0006,,,0.0003,,0.0003,0.0005,0.0003,,,0.0005,0.0003,,0.0002,,0.0005,0.0002,0.0004,0.0009,
Nagpur,CX,0.0044,0.0017,0.0026,0.002,0.0011,0.0017,0.0023,0.0032,0.0034,0.0026,0.0025,0.0035,0.0034,0.0035,0.0027,0.0034,0.0019,0.0018,0.0024,0.0027,0.0026,0.0018
Nagpur,DP,,0.0007,0.0008,0.001,0.0009,0.0013,0.0012,0.0016,0.002,0.0026,0.0022,0.0023,0.0031,0.0013,0.0012,0.0017,0.0012,0.0015,,,,
Nagpur,Pod,0.0027,0.0049,0.0063,0.0059,0.0036,0.0034,0.0052,0.0033,0.0074,0.0057,0.0085,0.0106,0.0072,0.0068,0.0053,0.0052,0.0056,0.0068,0.007,0.0062,0.0065,0.0058
Nagpur,Sourcing,0.0009,0.0012,0.0016,0.0012,0.0015,0.0015,0.0019,0.0019,0.0026,0.0028,0.0011,0.0021,0.0024,0.0023,0.0035,0.0012,0.0014,0.0012,0.0025,0.0038,0.0025,0.0009
Nagpur,WH,,0.0004,0.0006,0.001,0.0008,0.0003,0.0011,0.0007,0.001,0.0008,0.0008,0.0012,0.002,0.0006,0.0012,0.0021,0.0014,0.0006,0.0011,0.0011,0.0011,0.0017
Nanded,CX,,,0.0024,,0.0014,0.0053,0.0012,,0.0033,0.0052,0.002,0.0061,0.0039,0.0013,0.006,0.0057,0.006,0.0032,0.0072,0.0029,0.003,0.0009
Nanded,DP,,0.0013,,,,0.0013,0.0012,,0.0011,0.0031,0.002,,,,0.0012,0.0011,0.001,0.0011,,,,
Nanded,Pod,0.009,0.0053,0.0073,0.0057,0.0096,0.008,0.0058,0.0044,0.0111,0.0103,0.005,0.0097,0.0091,0.0138,0.0179,0.0091,0.0131,0.0127,0.0155,0.0135,0.007,0.0054
Nanded,Sourcing,,0.0039,0.0024,0.0011,0.0027,0.0027,0.0012,0.0033,0.0056,0.0083,0.004,0.0037,0.0065,0.0013,0.006,0.0057,0.005,0.0011,0.0041,0.0039,0.001,0.0027
Nanded,WH,,,,,,0.0013,,,0.0011,,,,0.0026,0.0025,0.0024,,0.003,,0.001,,0.001,
Nashik,CX,0.0026,0.0021,0.0025,0.0016,0.002,0.0013,0.0021,0.0028,0.0015,0.003,0.0029,0.0032,0.0059,0.0026,0.0022,0.0024,0.0024,0.0027,0.0033,0.0039,0.0024,0.0021
Nashik,DP,,0.0023,0.0016,0.0021,0.0012,0.0013,0.0016,0.002,0.0019,0.001,0.0007,0.0023,0.0015,0.0016,0.0011,0.0016,0.0007,0.0018,,,,
Nashik,Pod,0.007,0.0054,0.0085,0.0045,0.0031,0.0041,0.0052,0.0065,0.0061,0.0058,0.008,0.0128,0.0125,0.0097,0.0114,0.0109,0.0087,0.0119,0.0123,0.0118,0.0104,0.0079
Nashik,Sourcing,,0.0013,0.001,0.0005,0.002,0.0028,0.0021,0.0027,0.0024,0.0035,0.0022,0.0015,0.0022,0.0026,0.0018,0.0019,0.0012,0.0017,0.0032,0.0024,0.0033,0.0026
Nashik,WH,,0.0005,0.0001,0.0005,0.0007,0.0003,0.0001,0.0004,0.0007,0.0012,0.0012,0.0006,0.0003,0.0009,0.0005,0.0025,0.0009,0.0015,0.0015,0.0015,0.001,0.0009
Nellore,CX,0.0041,0.0027,0.0019,0.0019,0.0021,0.0011,0.0018,0.0014,0.0033,0.003,0.0035,0.0066,0.0048,0.0034,0.0038,0.0022,0.0034,0.0035,0.0016,0.0024,0.0047,0.003
Nellore,DP,,0.0007,0.0004,0.001,0.0014,0.0002,0.0011,0.0023,0.0024,0.0014,0.0012,0.0021,0.0017,0.0019,0.0004,0.0009,0.0018,0.0017,,,,
Nellore,Pod,0.0055,0.0052,0.0067,0.0067,0.0059,0.0056,0.0042,0.0071,0.0094,0.0083,0.0095,0.0145,0.0099,0.0087,0.0097,0.0131,0.0115,0.0127,0.0086,0.0105,0.0119,0.0097
Nellore,Sourcing,,0.0007,0.0013,0.0019,0.0012,0.0023,0.002,0.0011,0.0018,0.0042,0.0011,0.0051,0.0028,0.0031,0.0016,0.001,0.0018,0.0017,0.002,0.0016,0.0036,0.0023
Nellore,WH,,0.0009,,0.0007,0.0007,0.0011,0.0002,0.0005,0.0009,0.0009,0.0009,0.0008,0.0012,0.0017,,0.0019,0.0016,0.0013,0.002,0.0016,0.0023,0.0019
Nizamabad,CX,0.0125,,,0.0057,0.0024,0.0037,0.0025,0.0025,0.0038,0.0037,0.0018,0.0062,0.004,0.0034,,,0.0033,0.0049,0.0006,,,0.0035
Nizamabad,DP,,0.0021,0.0013,,0.0012,,0.0012,0.0012,,0.0019,0.0009,0.0072,,0.0026,0.0015,0.0007,,0.0028,,,,
Nizamabad,Pod,0.025,0.0042,0.0027,0.0068,0.0072,0.0049,0.0087,0.0025,0.0025,0.0065,0.0092,0.0082,0.012,0.0102,0.009,0.0045,0.0053,0.0133,0.0043,0.0033,0.0025,0.0035
Nizamabad,Sourcing,,0.0021,0.0013,0.0011,0.0012,0.0012,0.0025,0.0037,,0.0028,0.0028,0.0031,0.002,0.0043,0.003,,0.0007,0.0007,0.003,0.0013,0.0013,0.0018
Nizamabad,WH,,,,0.0011,0.0012,,0.0025,0.0012,0.0013,,0.0009,0.001,,,0.0015,,0.002,0.0021,0.0012,0.0013,0.0006,0.0023
Noida,CX,0.004,0.0031,0.0031,0.0023,0.003,0.0041,0.0034,0.0036,0.004,0.0045,0.0045,0.0042,0.0042,0.0034,0.004,0.0025,0.004,0.0027,0.0036,0.0045,0.0039,0.0038
Noida,DP,0.0017,0.0014,0.0014,0.0023,0.0016,0.0018,0.0021,0.0023,0.0039,0.0035,0.0021,0.0023,0.0026,0.0025,0.0014,0.0019,0.0017,0.0019,,,,
Noida,Pod,0.0094,0.0075,0.0087,0.0064,0.0078,0.0107,0.0099,0.0101,0.0125,0.0133,0.0129,0.0171,0.0143,0.0142,0.0153,0.0124,0.014,0.0128,0.0114,0.0158,0.0166,0.0132
Noida,Sourcing,0.0034,0.0026,0.0023,0.0027,0.0032,0.0031,0.0033,0.0039,0.0045,0.0047,0.0032,0.0058,0.0046,0.0044,0.0033,0.0033,0.0023,0.0043,0.0044,0.0048,0.006,0.0048
Noida,WH,0.0011,0.0006,0.0008,0.001,0.0006,0.0009,0.0006,0.0009,0.0005,0.0009,0.0007,0.0005,0.001,0.0009,0.0011,0.0016,0.0015,0.0014,0.0008,0.0018,0.002,0.0022
Noida 1,CX,0.0023,0.0028,0.0032,0.0027,0.0033,0.0037,0.0032,0.003,0.0039,0.005,0.0034,0.0046,0.0038,0.0039,0.0038,0.0028,0.0031,0.003,0.0026,0.0028,0.0034,0.0031
Noida 1,DP,0.0027,0.0019,0.0016,0.0026,0.0016,0.0018,0.0024,0.0028,0.0042,0.0038,0.0021,0.0024,0.0022,0.0028,0.0015,0.0019,0.0013,0.0022,,,,
Noida 1,Pod,0.0085,0.0087,0.0092,0.0071,0.0086,0.01,0.0094,0.0088,0.0107,0.0112,0.0103,0.0145,0.0115,0.0124,0.0132,0.0121,0.0131,0.0117,0.0102,0.012,0.0144,0.0138
Noida 1,Sourcing,0.0035,0.0021,0.0021,0.0024,0.0022,0.0031,0.0023,0.0032,0.0038,0.0044,0.0027,0.0046,0.0041,0.0043,0.0033,0.0031,0.0018,0.0028,0.0049,0.0041,0.0051,0.0053
Noida 1,WH,0.0004,0.0007,0.0008,0.0008,0.0008,0.0008,0.0008,0.0008,0.0009,0.0009,0.0007,0.0007,0.0008,0.0007,0.001,0.0011,0.0016,0.0011,0.0013,0.0014,0.0019,0.0017
Ongole,CX,,0.0078,0.0045,0.0063,0.0085,0.0017,0.0039,0.003,0.0031,0.0072,0.0045,0.0035,0.0054,0.0042,0.0037,0.0047,0.0051,0.0055,0.0037,0.0014,0.001,0.002
Ongole,DP,,0.0026,,0.0047,0.0017,,0.0013,0.003,0.0016,0.0022,0.0015,0.0044,0.0038,0.0021,0.0022,,0.0013,0.0012,,,,
Ongole,Pod,,0.0156,0.0068,0.0126,0.0135,0.0069,0.0118,0.0091,0.0054,0.0123,0.0113,0.0177,0.0108,0.0106,0.0081,0.0133,0.0097,0.0128,0.0084,0.006,0.005,0.0098
Ongole,Sourcing,,,0.0023,,0.0034,,0.0013,0.002,0.0054,0.0094,0.0015,0.0053,0.0038,0.0042,0.0044,0.002,0.0013,0.0031,0.0021,0.0042,0.003,0.0069
Ongole,WH,,0.0078,,0.0032,0.0017,0.0035,0.0013,0.002,0.0008,0.0007,0.0023,0.0018,0.0023,0.0007,0.0015,0.002,0.0006,0.0043,0.001,0.0009,0.0015,0.001
Palakkad,CX,0.0019,0.0009,,0.0003,0.0009,0.0013,0.0005,0.0012,0.0011,0.0016,0.0002,0.0017,0.0012,0.0008,0.0008,0.0013,0.0006,0.0006,0.0006,0.002,0.0008,0.0006
Palakkad,DP,,0.0009,0.0003,0.0006,0.0009,0.0005,0.0003,0.0009,0.0009,0.0011,0.0014,0.0007,0.0007,0.0004,0.0002,,,0.0006,,,,
Palakkad,Pod,,0.0024,0.0009,0.0014,0.0033,0.0021,0.0035,0.0035,0.0014,0.0018,0.0037,0.0024,0.0029,0.0017,0.0022,0.0046,0.0032,0.0045,0.0031,0.0053,0.0021,0.0028
Palakkad,Sourcing,0.0019,,0.0006,0.0006,0.0012,0.0013,0.0013,0.0005,0.0005,0.0007,0.0002,0.0012,,0.0013,0.0002,0.0002,0.0002,0.0002,0.0008,0.0016,0.0015,0.0007
Palakkad,WH,,0.0006,,0.0006,,0.0008,0.0005,0.0002,0.0011,0.0009,0.0005,0.0007,0.0005,0.0002,,0.0004,0.0006,0.0002,0.0004,0.0004,0.0002,0.0004
Panipat,CX,0.003,0.0015,0.0014,0.0023,0.0018,0.0032,0.0015,0.0034,0.0022,0.002,0.0024,0.0042,0.0028,0.0027,0.0027,0.0021,0.0031,0.004,0.0015,0.0017,0.0023,0.0041
Panipat,DP,,0.0022,0.0014,0.0005,0.0013,0.002,0.0007,0.0021,0.0028,0.0024,0.0007,0.0019,0.0022,0.0014,0.0011,0.0007,0.0009,0.0035,,,,
Panipat,Pod,0.0119,0.0047,0.0064,0.0111,0.0079,0.0024,0.0082,0.0113,0.0072,0.0082,0.0083,0.0073,0.0126,0.0124,0.0168,0.0142,0.0129,0.017,0.0099,0.0092,0.0113,0.0088
Panipat,Sourcing,0.0015,0.0015,0.0011,0.0014,0.0026,0.0044,0.0049,0.0058,0.0034,0.0031,0.0045,0.0064,0.0051,0.0052,0.0035,0.0031,0.0019,0.0061,0.006,0.0058,0.0032,0.0033
Panipat,WH,,0.0002,,,0.0009,,0.0011,0.0007,0.0003,0.001,0.0003,,0.0008,0.0008,0.0005,0.0007,0.0013,0.0016,0.0007,0.0017,0.0009,0.0031
Patiala,CX,0.0048,0.0024,0.0014,0.0015,0.0015,0.0011,0.0033,0.0003,0.0019,0.0023,0.0016,0.0009,0.0036,0.002,0.0024,0.0021,0.0023,0.0024,0.0017,0.0032,0.0023,0.0012
Patiala,DP,0.0016,0.0024,0.0014,0.0009,0.0018,0.0019,0.0026,0.0031,0.0052,0.0046,0.002,0.0016,0.0013,0.001,0.0003,0.0015,0.0003,0.0012,,,,
Patiala,Pod,0.008,0.004,0.0041,0.005,0.0043,0.0039,0.0048,0.0067,0.0059,0.0069,0.0032,0.0079,0.0107,0.0096,0.0071,0.0139,0.0083,0.0091,0.0077,0.0077,0.0053,0.0066
Patiala,Sourcing,,0.0011,0.0011,0.0009,0.0006,0.0011,0.0004,0.002,0.0026,0.0026,0.0009,0.0021,0.0015,0.0028,0.0024,0.0036,0.002,0.0017,0.0015,0.0034,0.0033,0.0031
Patiala,WH,,0.0011,0.0003,0.0003,0.0003,0.0003,0.0004,0.0011,0.0007,0.0005,0.0005,0.0007,0.0008,0.0008,0.0003,0.0005,0.0018,0.001,0.0017,0.0007,0.001,
Patna,CX,0.0028,0.0024,0.0023,0.0033,0.0045,0.0031,0.0035,0.0021,0.0035,0.0043,0.003,0.0041,0.0049,0.0038,0.004,0.0026,0.0035,0.0036,0.0032,0.0032,0.0042,0.0027
Patna,DP,0.0004,0.0003,0.0007,0.001,0.0012,0.0014,0.001,0.0012,0.0019,0.0022,0.0009,0.0011,0.0014,0.0013,0.0008,0.0006,0.0007,0.0015,,,,
Patna,Pod,0.0074,0.0062,0.0093,0.01,0.0101,0.0072,0.0084,0.0086,0.01,0.0111,0.0082,0.0121,0.0157,0.0141,0.0132,0.0136,0.0125,0.015,0.0137,0.0131,0.0133,0.0113
Patna,Sourcing,0.0011,0.0012,0.0018,0.0021,0.0019,0.0017,0.0027,0.0034,0.004,0.0051,0.0022,0.0047,0.0041,0.0036,0.0022,0.0018,0.0018,0.0024,0.0046,0.004,0.003,0.004
Patna,WH,0.0014,0.0007,0.0003,0.0006,0.0007,0.0004,0.0002,0.0007,0.001,0.0004,0.0007,0.0005,0.0008,0.0006,0.0008,0.0009,0.001,0.0004,0.0014,0.0017,0.0014,0.0019
Pondicherry,CX,0.002,0.0027,0.003,0.0033,0.001,0.0016,0.0022,0.0039,0.0031,0.0024,0.0018,0.0025,0.0026,0.0027,0.004,0.0034,0.0034,0.0022,0.0024,0.0031,0.0018,0.0019
Pondicherry,DP,0.0015,0.0006,0.0004,0.0008,0.0013,0.0008,0.0013,0.0016,0.0016,0.0007,0.001,0.0006,0.0007,0.0016,0.0011,0.0006,0.0009,0.0007,,,,
Pondicherry,Pod,0.0035,0.0028,0.0038,0.0039,0.0044,0.004,0.0055,0.0078,0.0081,0.0059,0.0071,0.0084,0.0095,0.0079,0.0116,0.0097,0.0114,0.0117,0.0083,0.0087,0.0073,0.0063
Pondicherry,Sourcing,,0.0011,0.0009,0.0008,0.001,0.0013,0.0017,0.0013,0.0016,0.0021,0.0008,0.0021,0.0014,0.001,0.0012,0.001,0.0014,0.0012,0.0024,0.0011,0.0019,0.0021
Pondicherry,WH,,0.0005,0.0004,0.0008,0.0003,0.0012,0.0009,0.0004,0.0006,0.0004,0.0006,0.0006,0.0005,0.0008,0.0004,0.0008,0.001,0.0015,0.0011,0.002,0.0012,0.0006
Pune,CX,0.0034,0.0029,0.0036,0.0033,0.0034,0.0036,0.0036,0.0039,0.0038,0.0034,0.0031,0.0042,0.0036,0.0039,0.0035,0.0041,0.0035,0.0031,0.0028,0.0032,0.0034,0.0028
Pune,DP,0.0005,0.0013,0.0013,0.0012,0.0012,0.0007,0.0011,0.0014,0.0017,0.0011,0.0013,0.0015,0.0015,0.0015,0.001,0.0016,0.0014,0.0012,,,,
Pune,Pod,0.0064,0.0072,0.0082,0.0088,0.0096,0.0097,0.0088,0.0102,0.0114,0.0103,0.0098,0.0131,0.012,0.0138,0.0098,0.0116,0.0109,0.0085,0.0088,0.0098,0.01,0.0102
Pune,Sourcing,0.0008,0.001,0.0009,0.0006,0.0007,0.0004,0.0005,0.0009,0.0005,0.0007,0.0005,0.0007,0.0014,0.0019,0.0022,0.0023,0.0022,0.0019,0.0022,0.0023,0.0028,0.0023
Pune,WH,0.0004,0.0008,0.0009,0.0007,0.0008,0.0006,0.0005,0.0008,0.0006,0.0006,0.0004,0.0007,0.0009,0.0008,0.0005,0.0006,0.0007,0.0004,0.0003,0.0006,0.0005,0.0004
Raipur,CX,0.0014,0.003,0.0021,0.0045,0.0023,0.0014,0.0032,0.0033,0.004,0.0027,0.0036,0.009,0.005,0.0058,0.0089,0.0064,0.0072,0.0069,0.0063,0.0053,0.0038,0.0032
Raipur,DP,,0.0006,0.0006,0.0007,0.0007,0.0006,0.0011,0.0025,0.0029,0.0024,0.0005,0.0012,0.0028,0.0021,0.0018,0.0011,0.0021,0.0026,,,,
Raipur,Pod,0.0113,0.0085,0.0083,0.0085,0.0088,0.0061,0.0077,0.0096,0.009,0.0108,0.0104,0.0107,0.0123,0.0116,0.015,0.0108,0.0154,0.0143,0.0132,0.0132,0.0121,0.0126
Raipur,Sourcing,0.0014,,0.0008,,0.0002,0.0012,0.0006,0.0008,0.0023,0.0027,0.0005,0.0019,0.0022,0.0025,0.0013,0.002,0.0019,0.0011,0.0034,0.0032,0.001,0.0019
Raipur,WH,,0.0008,0.0012,0.0016,0.0023,0.0002,0.0015,0.0021,0.001,0.0019,0.0022,0.0012,0.0028,0.0016,0.0022,0.0028,0.0025,0.0021,0.0014,0.0016,0.002,0.001
Rajahmundry,CX,,0.0018,0.0033,0.0035,0.0041,0.0017,0.0026,0.0029,0.0022,0.0015,0.0033,0.0012,0.0014,0.0032,0.0017,0.0022,0.0016,0.0028,0.0022,0.0019,0.0012,0.0012
Rajahmundry,DP,,0.0003,0.0011,0.0003,0.001,0.001,0.001,0.0005,0.001,,0.001,0.0012,0.0007,0.0012,0.0002,0.0005,0.0016,0.0005,,,,
Rajahmundry,Pod,0.0018,0.0044,0.0055,0.0073,0.0036,0.0042,0.0029,0.0053,0.0032,0.0061,0.0061,0.0072,0.0059,0.0042,0.0045,0.0044,0.0092,0.0061,0.0091,0.0076,0.0075,0.0049
Rajahmundry,Sourcing,0.0018,0.0026,0.0014,0.0003,0.0013,0.002,0.0007,0.001,0.0015,0.002,0.0008,0.0017,0.0007,0.0007,0.0005,0.0002,0.0013,,0.0016,0.0012,0.0008,0.0004
Rajahmundry,WH,,0.0006,0.0005,0.0015,0.0015,0.0012,0.0007,0.0002,0.0005,0.0008,0.001,0.001,0.0007,0.0012,0.001,0.0007,0.0008,0.0008,0.0009,0.001,0.0017,0.0004
Rajkot,CX,,0.0028,0.0022,0.0019,0.0033,0.0029,0.0007,0.0024,0.0016,0.0016,0.0024,0.0026,0.0044,0.0022,0.0029,0.0028,0.0045,0.0023,0.0023,0.0024,0.0026,0.0021
Rajkot,DP,0.0018,,0.0015,0.0002,0.0002,0.001,0.0003,0.0013,0.0011,0.0012,0.0005,0.0008,0.0008,0.0005,0.002,0.0002,0.0017,0.0006,,,,
Rajkot,Pod,0.0092,0.0072,0.0032,0.0065,0.0061,0.0063,0.0045,0.008,0.0078,0.0052,0.0064,0.0071,0.011,0.0048,0.0068,0.0075,0.0106,0.0078,0.0088,0.0099,0.0087,0.0076
Rajkot,Sourcing,0.0018,0.0028,0.0005,0.0005,0.0016,0.0007,0.0015,0.0017,0.0016,0.0026,0.001,0.0016,0.0015,,0.0011,0.002,0.0006,0.0012,0.0023,0.0024,0.0016,0.0021
Rajkot,WH,,0.0003,,0.0005,0.0002,0.0012,0.0005,0.0007,0.0011,0.0012,0.0005,0.0008,0.001,0.0007,0.0005,0.0018,0.0017,0.0002,0.0004,0.0007,0.0014,0.0014
Ranchi,CX,0.0009,0.0023,0.0039,0.0024,0.0024,0.003,0.003,0.0017,0.0028,0.0028,0.0029,0.0034,0.0051,0.0049,0.0018,0.005,0.0036,0.0028,0.0033,0.0027,0.0014,0.0023
Ranchi,DP,,0.0008,0.0003,0.0008,0.0006,0.0005,0.001,0.0012,0.0012,0.0013,0.0007,0.0006,0.0009,0.0008,0.0005,0.0006,0.0012,0.0005,,,,
Ranchi,Pod,0.0035,0.0058,0.0091,0.0071,0.0057,0.0072,0.008,0.0085,0.0097,0.0076,0.0067,0.0104,0.0126,0.0107,0.0096,0.0085,0.0111,0.0112,0.008,0.0084,0.0087,0.006
Ranchi,Sourcing,,0.0022,0.0014,0.0008,0.0013,0.0018,0.0016,0.0022,0.002,0.0031,0.0008,0.0011,0.0016,0.0008,0.0019,0.0011,0.0009,0.0011,0.0027,0.0025,0.0021,0.0013
Ranchi,WH,,0.0007,0.0002,0.0003,0.0004,0.0007,0.0016,0.0007,0.0007,0.001,0.0004,0.0009,0.0013,0.0016,0.0013,0.002,0.0012,0.0007,0.0013,0.0006,0.0007,0.0009
Rohtak,CX,0.007,0.001,0.0031,0.0027,0.0029,0.0033,0.0027,0.0023,0.0025,0.0021,0.0017,0.0042,0.0027,0.0029,0.0056,0.0045,0.0021,0.0039,0.0036,0.0018,0.0032,0.0046
Rohtak,DP,0.0023,0.001,0.0019,0.0008,0.0008,0.0022,0.0008,0.0034,0.0047,0.0043,0.0021,0.0035,0.0019,0.0004,0.0019,0.0011,0.0011,0.0023,,,,
Rohtak,Pod,0.014,0.01,0.0088,0.0069,0.0075,0.0074,0.0065,0.0087,0.0115,0.0075,0.0108,0.0113,0.0113,0.0135,0.0126,0.0154,0.0102,0.0158,0.0108,0.0141,0.0168,0.0161
Rohtak,Sourcing,,0.0017,0.0012,0.0019,0.0013,0.0022,0.0023,0.0011,0.0029,0.0036,0.0024,0.0035,0.0039,0.0026,0.0037,0.003,0.0011,0.003,0.0041,0.0037,0.0027,0.0037
Rohtak,WH,,,0.0027,0.0008,0.0004,0.0007,0.0004,,,0.0011,0.0007,,0.0016,0.0015,0.0007,,0.0007,0.001,0.0011,0.0016,0.0015,0.0015
Roorkee,CX,,0.0043,0.0014,0.0023,0.0036,0.0008,0.0038,0.0024,0.0016,0.0044,0.0043,0.0007,0.0056,0.0046,0.0008,0.0025,0.0049,0.0022,0.0033,0.0032,0.0019,0.006
Roorkee,DP,,,,0.0008,0.0009,,0.0015,0.0008,0.0031,0.0022,0.0007,0.0015,0.0016,,,0.0008,0.0007,0.0007,,,,
Roorkee,Pod,0.0074,0.0049,0.0035,0.007,0.0089,0.0056,0.0038,0.0071,0.0086,0.0096,0.0085,0.0045,0.0161,0.0082,0.005,0.0157,0.0077,0.0104,0.0105,0.0032,0.0058,0.0099
Roorkee,Sourcing,,0.0012,,0.0023,0.0018,,,,0.0008,0.0029,0.0014,0.0007,0.0008,0.0009,0.0025,0.0041,0.0035,0.0022,0.004,0.0013,0.0013,0.0013
Roorkee,WH,,,0.0007,,,,,0.0008,,,0.0007,0.0007,,,,0.0008,0.0007,0.0015,,0.0019,0.0006,0.0007
Rudrapur,CX,0.0047,0.0036,0.0017,,,,,0.0018,0.0008,,0.0015,,,0.0038,0.0009,0.001,0.001,0.0036,0.0039,0.0013,0.0006,0.0018
Rudrapur,DP,,0.0007,0.0008,,,,0.0009,,0.0008,,,0.0008,0.0018,0.001,,,,,,,,
Rudrapur,Pod,0.0047,0.0029,0.0092,0.0106,0.0095,0.0057,0.0037,0.0045,0.0042,0.0093,0.0077,0.0041,0.0045,0.0057,0.0057,0.0107,0.0071,0.0081,0.0071,0.0046,0.0103,0.0054
Rudrapur,Sourcing,0.0095,,0.0008,0.0015,,,0.0009,0.0009,0.0017,0.0025,0.0023,0.0041,,0.001,0.0028,0.0039,0.0041,0.0027,0.0047,0.002,0.0024,0.003
Rudrapur,WH,,0.0007,,0.0008,,,,,,0.0008,0.0008,,,,0.0009,0.001,,0.0009,,0.0007,,
Saharanpur,CX,,,,0.0027,0.0017,0.006,0.0015,,,0.0046,0.0023,0.0054,0.0043,0.0028,0.0016,0.0115,0.0012,0.0081,0.0022,0.003,0.0019,0.002
Saharanpur,DP,,0.0013,,,0.0017,,0.0015,,,0.0023,,0.0014,0.0014,,,,,,,,,
Saharanpur,Pod,0.0114,0.0026,0.0053,0.0067,0.0033,0.0045,0.009,0.0059,0.006,0.0058,0.0102,0.0109,0.0143,0.0071,0.0096,0.0188,0.0093,0.0221,0.0077,0.0091,0.0105,0.0092
Saharanpur,Sourcing,,,0.0013,0.004,0.0017,,,,0.006,0.0058,0.0045,0.0027,0.0014,0.0028,0.0032,0.0029,0.0023,0.0058,,0.002,0.0019,0.002
Saharanpur,WH,,,,0.0027,,,,,,,0.0023,,0.0014,0.0028,,,,,,,0.0019,0.002
Salem,CX,0.0008,0.0008,0.0015,0.0011,0.0023,0.0008,0.0009,0.0011,0.001,0.0014,0.0016,0.0019,0.0015,0.0022,0.0013,0.0021,0.0008,0.0024,0.0015,0.0018,0.0017,0.0011
Salem,DP,0.0016,0.0006,0.0006,0.0003,0.0004,0.0005,0.0004,0.0004,0.0011,0.0007,0.0003,0.0001,0.0007,0.0001,0.0002,0.0007,0.0005,0.0002,,,,
Salem,Pod,0.0039,0.0028,0.0039,0.0032,0.0033,0.0044,0.0023,0.0032,0.0046,0.0034,0.0044,0.005,0.0049,0.0048,0.0076,0.0065,0.0065,0.0062,0.0068,0.0045,0.0047,0.0044
Salem,Sourcing,0.0023,0.0004,0.0004,0.0004,0.0011,0.0004,0.0011,0.0007,0.0004,0.0017,0.0004,0.0008,0.0007,0.0013,0.0011,0.0002,0.0007,0.0007,0.0014,0.0004,0.0003,0.001
Salem,WH,0.0008,0.0001,0.0003,0.0005,0.0004,0.0003,0.0005,0.0007,0.0003,0.001,0.0003,0.0004,0.0009,0.0005,0.0007,0.0012,0.0008,0.0011,0.0003,0.001,0.0008,0.0005
Shillong,CX,,,,,,,,,,,,0.0175,,,,,,,,,,
Shillong,Pod,,,,,,,,,,,,0.0175,,,,,,,,,,
Shivamogga,CX,0.0052,0.0017,0.0012,0.0009,0.0022,0.0034,0.0011,0.0022,0.0051,0.0026,0.0024,0.0065,0.0039,0.0016,0.0013,0.002,0.001,0.0011,0.001,0.0028,0.0016,0.0014
Shivamogga,DP,0.0017,0.0011,0.0006,0.0012,,0.0003,0.0003,0.0008,0.0011,0.0009,,0.0003,0.001,,0.0003,0.0007,0.0003,0.0018,,,,
Shivamogga,Pod,0.0034,0.0025,0.0035,0.0048,0.0035,0.006,0.0043,0.0039,0.0049,0.0052,0.0044,0.0068,0.0049,0.0056,0.0032,0.0044,0.0065,0.0068,0.005,0.0072,0.0043,0.004
Shivamogga,Sourcing,0.0034,0.0014,0.002,0.0009,,0.0013,0.0011,0.0014,0.0014,0.0026,0.0015,0.0022,0.0006,0.0013,0.0013,0.001,0.0007,0.0014,0.0013,0.0003,0.0016,0.0006
Shivamogga,WH,,0.0008,0.0006,0.0003,0.0003,0.0005,0.0003,,0.0009,,0.0003,0.0003,0.0006,0.0003,0.0007,0.0013,0.001,0.0004,0.0007,0.0009,0.001,0.0006
Silchar,CX,,0.0027,0.0012,0.0008,0.0009,0.0011,0.0022,0.0019,0.0017,0.0012,0.0024,0.0008,0.0026,0.0015,0.0026,0.0025,0.0022,0.001,0.0021,0.0017,0.0017,0.0031
Silchar,DP,0.0021,0.0012,0.0006,0.0006,0.0003,0.0008,0.0016,,0.0008,0.0014,0.0019,0.001,0.0011,0.0017,0.0005,0.001,0.0014,0.0007,,,,
Silchar,Pod,0.0021,0.0045,0.0043,0.0054,0.0053,0.0076,0.0071,0.0068,0.005,0.006,0.0053,0.0051,0.0082,0.0024,0.0068,0.0083,0.0078,0.0061,0.0056,0.0044,0.0067,0.007
Silchar,Sourcing,,0.0009,0.0006,,0.0006,0.0003,0.0003,0.0003,0.0003,,,0.0003,0.0008,0.0005,,0.0003,0.0006,0.0002,0.0007,0.0004,0.0015,0.0018
Silchar,WH,,,,0.0003,0.0009,0.0008,,0.0003,0.0003,0.0007,0.0005,0.0005,0.0016,0.001,0.0002,0.0013,0.0011,0.0005,0.0014,0.0006,0.0002,0.0012
Siliguri,CX,0.003,0.0008,0.0014,0.0044,0.0043,0.0015,0.001,0.0009,0.0013,0.0029,0.0015,0.0006,0.0019,0.0021,0.002,0.0037,0.002,0.0036,0.0022,0.0022,0.0039,0.0039
Siliguri,DP,,0.0004,,0.0022,0.0007,0.0015,0.0007,0.0009,0.0005,0.0003,,0.0003,,0.0009,0.0005,0.0017,0.0013,0.0007,,,,
Siliguri,Pod,0.0089,0.0052,0.0059,0.0099,0.0065,0.0107,0.0049,0.0043,0.0067,0.0091,0.0066,0.0105,0.0085,0.0072,0.0064,0.0108,0.008,0.0084,0.0083,0.0076,0.0086,0.0088
Siliguri,Sourcing,,0.0004,0.0003,0.0007,0.0007,0.0011,0.0003,0.0006,0.0008,0.0016,0.0008,0.0017,0.0003,0.0015,0.0015,0.0022,0.0003,0.0012,0.0022,0.0016,0.0015,0.0021
Siliguri,WH,,,,0.0011,0.0022,0.0007,0.0003,0.0003,,0.0005,0.001,0.0006,0.0003,0.0009,0.002,0.0005,0.0005,0.0007,0.0006,0.0007,0.0007,0.0016
Sonipat,CX,,0.0019,0.0008,,0.0018,0.0009,0.0035,,0.004,0.0042,0.0042,0.0054,0.0009,0.0026,0.0027,0.0009,0.0017,0.003,0.0055,0.002,0.0041,0.0022
Sonipat,DP,,0.0025,0.0025,0.001,0.0009,,0.0018,0.0016,0.0032,0.0008,0.0017,0.0018,0.0009,0.0035,0.0009,0.0009,,0.0008,,,,
Sonipat,Pod,0.005,0.0063,0.0076,0.0059,0.0101,0.0045,0.007,0.0039,0.0055,0.0025,0.0109,0.0179,0.0053,0.0087,0.0072,0.0084,0.0078,0.012,0.0072,0.0168,0.0096,0.0103
Sonipat,Sourcing,,0.0038,0.0025,0.002,0.0037,0.0027,0.0009,,0.0024,0.0033,0.0034,0.0036,0.0018,0.0035,0.0009,0.0009,0.0017,0.0023,0.005,0.003,0.0037,0.0027
Sonipat,WH,,0.0006,,,,,0.0009,0.0008,0.0008,,,0.0036,0.0009,0.0009,,0.0019,,,0.0022,0.0005,0.0014,0.0009
Sri Ganganagar,CX,0.0021,0.002,0.0014,0.0017,0.0006,0.0015,0.002,0.005,0.0036,0.0038,0.0049,0.004,0.0069,0.0046,0.0039,0.0071,0.0043,0.0019,0.0029,0.0033,0.0044,0.0015
Sri Ganganagar,DP,,,0.0003,0.0004,,,0.0005,0.0009,0.0009,0.0026,0.0018,0.0004,0.002,,,0.001,0.0008,0.0004,,,,
Sri Ganganagar,Pod,0.0106,0.0046,0.0034,0.0063,0.0056,0.0039,0.004,0.0086,0.0107,0.0073,0.008,0.008,0.0074,0.0108,0.0073,0.0147,0.0078,0.0102,0.0104,0.0073,0.0098,0.0084
Sri Ganganagar,Sourcing,,,0.0007,0.0004,,,0.0015,0.0005,0.0022,0.0026,0.0013,0.0027,0.001,0.0015,0.0017,0.0029,0.0024,0.0019,0.0016,0.0018,0.0003,0.0003
Sri Ganganagar,WH,,,,0.0008,0.0006,0.0005,0.0005,0.0005,0.0018,0.0004,0.0018,0.0013,0.0005,0.0005,0.0011,0.001,,0.0008,,0.0015,0.0012,0.0012
Surat,CX,0.0044,0.0029,0.0035,0.0029,0.0024,0.0029,0.0017,0.0014,0.0026,0.0022,0.0023,0.0027,0.0019,0.0028,0.002,0.0015,0.0014,0.002,0.0019,0.0044,0.0021,0.0022
Surat,DP,,0.0011,0.0007,0.0005,0.0007,0.001,0.0012,0.0007,0.0014,0.001,0.0008,0.0017,0.0008,0.0011,0.0013,0.0017,0.0011,0.0005,,,,
Surat,Pod,0.0063,0.0057,0.0056,0.0074,0.0052,0.0064,0.0069,0.0049,0.0067,0.0057,0.0071,0.0093,0.008,0.0084,0.0074,0.0057,0.0074,0.0068,0.0063,0.0072,0.0069,0.0061
Surat,Sourcing,0.0025,0.0015,0.0023,0.0009,0.001,0.0021,0.0011,0.0021,0.0018,0.0022,0.0011,0.0017,0.002,0.0011,0.0022,0.0019,0.0015,0.0015,0.0015,0.0018,0.0025,0.0016
Surat,WH,0.0013,0.001,0.0007,0.0009,0.0006,0.0009,0.0009,0.0007,0.0008,0.0005,0.001,0.0014,0.0016,0.0013,0.0006,0.0014,0.0005,0.0005,0.0009,0.0005,0.0005,0.0007
Thanjavur,CX,0.0012,0.0017,0.0013,0.0012,0.0014,0.0023,0.0036,0.0022,0.0012,0.001,0.0021,0.0024,0.0014,0.0025,0.0017,0.002,0.003,0.0031,0.0008,0.0008,0.0008,0.0014
Thanjavur,DP,0.0012,0.0009,0.0002,0.0008,0.0012,0.0006,0.0004,0.0014,0.0005,0.001,0.0009,0.0008,0.0006,0.0004,,0.0002,0.0003,0.0003,,,,
Thanjavur,Pod,0.0024,0.0034,0.0022,0.0066,0.0053,0.0043,0.0054,0.0062,0.0036,0.0047,0.0066,0.0079,0.0029,0.0059,0.0051,0.0054,0.0044,0.0067,0.0044,0.0051,0.0036,0.0058
Thanjavur,Sourcing,0.0012,0.0013,0.0013,0.0006,0.0012,0.0009,0.0007,0.0004,0.0008,0.001,0.0009,0.0006,,0.0004,0.0014,0.0003,0.0005,0.001,0.0007,0.0003,0.0008,0.0005
Thanjavur,WH,,0.0002,0.0004,0.0012,0.0002,0.0009,0.0011,0.0002,0.002,0.0005,0.0011,0.0012,0.0006,0.0004,0.0007,0.001,0.0008,0.0014,0.0005,0.0005,0.0005,0.0008
Thiruvalla,CX,,0.0005,0.0003,0.0011,0.0016,,0.0007,0.0002,0.0007,0.0007,0.0007,0.0012,0.0002,0.0009,0.0004,0.0011,0.0004,0.0005,0.0005,0.0005,0.0004,0.0004
Thiruvalla,DP,,0.001,0.0005,,,0.0012,,0.0005,0.0015,0.0012,0.001,0.0002,0.0002,0.0009,0.0007,,,0.0007,,,,
Thiruvalla,Pod,0.0029,0.0005,0.0018,0.0028,0.0013,0.0017,0.002,0.0029,0.0034,0.0021,0.0017,0.0047,0.0015,0.0024,0.0022,0.0032,0.0029,0.0038,0.0015,0.0022,0.0029,0.0022
Thiruvalla,Sourcing,,0.0003,,0.0003,0.0003,0.0002,0.0002,0.0007,0.0005,0.0009,0.0007,0.001,0.0002,0.0012,0.0007,0.0002,0.0004,0.0007,0.0005,0.0005,0.0003,0.0004
Thiruvalla,WH,0.0015,,,,0.0005,0.0002,,0.0005,0.0005,0.0005,,0.0005,,,,0.0005,,,,0.0002,,
Thiruvallur,CX,0.0022,0.0022,0.0012,0.0033,0.0005,0.0052,0.0013,0.0026,0.0039,0.0027,0.0057,0.0056,0.0086,0.0014,0.0034,0.0035,0.0046,0.0047,0.0018,0.0087,0.0037,0.002
Thiruvallur,DP,,0.0004,0.0004,0.0005,,0.0024,0.0022,0.0004,0.002,0.0008,0.0008,0.0014,0.0005,0.0005,0.0008,0.0009,0.0005,0.0005,,,,
Thiruvallur,Pod,0.0065,0.0071,0.0032,0.0033,0.0043,0.0105,0.0095,0.0094,0.0067,0.0074,0.0111,0.014,0.0099,0.0138,0.0172,0.0123,0.0161,0.0085,0.0146,0.0186,0.0111,0.0099
Thiruvallur,Sourcing,,0.0011,0.0012,0.0014,,0.0012,0.0004,0.0021,0.0028,0.0035,,0.0009,0.0023,0.001,0.0021,0.0026,0.0023,0.0005,0.0004,0.0009,0.0019,0.002
Thiruvallur,WH,,0.0011,,0.0009,,0.0004,0.0013,,0.0004,,0.0008,0.0028,0.0027,0.0019,0.0004,0.0022,0.0032,0.0024,0.0013,0.0009,0.0011,
Thiruvananthapuram,CX,0.001,0.0015,0.0014,0.0016,0.0016,0.0014,0.0017,0.0017,0.0008,0.0013,0.0016,0.0013,0.0011,0.0014,0.001,0.0011,0.001,0.0019,0.0008,0.0012,0.0013,0.001
Thiruvananthapuram,DP,0.0006,0.0003,0.0003,0.0006,0.0005,0.0004,0.0007,0.001,0.0007,0.0007,0.0006,0.0004,0.0005,0.0003,0.0004,0.0009,0.0006,0.0006,,,,
Thiruvananthapuram,Pod,0.0051,0.0049,0.0055,0.0041,0.0049,0.0052,0.0054,0.006,0.0058,0.0049,0.0046,0.004,0.0039,0.0043,0.0037,0.0053,0.0049,0.0062,0.0033,0.0053,0.0054,0.0043
Thiruvananthapuram,Sourcing,0.0006,0.0011,0.0009,0.0015,0.0015,0.0011,0.0014,0.0011,0.0007,0.0007,0.0006,0.0009,0.001,0.0006,0.0006,0.0006,0.0008,0.0007,0.0011,0.0009,0.0012,0.0009
Thiruvananthapuram,WH,0.0003,0.0003,0.0005,0.0005,0.0004,0.0006,0.0005,0.0004,0.0004,0.0004,0.0003,0.0005,0.0004,0.0004,0.0002,0.0003,0.0003,0.0004,0.0003,0.0003,0.0003,0.0004
Thoothukudi,CX,,0.0022,0.0015,0.0019,0.0017,0.0016,0.0022,0.0016,0.0033,0.0016,0.0019,0.0013,0.0021,0.0038,0.0037,0.0055,0.0036,0.0019,0.0016,0.0023,0.0018,0.002
Thoothukudi,DP,,0.0004,0.0007,0.0007,0.0012,,0.0008,0.0008,0.0008,0.001,0.0006,0.0006,0.0002,0.0008,0.0002,0.0004,0.0002,0.0004,,,,
Thoothukudi,Pod,,0.0037,0.0033,0.008,0.004,0.004,0.0051,0.0044,0.0041,0.0061,0.0059,0.0067,0.0057,0.0065,0.0068,0.0124,0.0105,0.0094,0.0072,0.0075,0.0051,0.0051
Thoothukudi,Sourcing,0.0013,0.0009,0.0017,0.0005,0.0017,0.0006,0.0012,0.0018,0.0002,0.0008,0.0006,0.0017,0.0006,0.0008,0.0004,0.0008,0.0009,0.0009,0.0018,0.0013,0.0011,0.0013
Thoothukudi,WH,,0.0011,0.0004,0.0012,0.0002,0.0006,0.0004,0.0002,0.0012,0.0008,0.0017,0.0019,0.0004,0.001,0.0011,0.0014,0.0008,0.0006,0.0007,0.0005,0.0008,0.0007
Thrissur,CX,,0.0011,0.0007,0.0006,0.0007,0.0007,0.0011,0.0013,0.0005,0.0005,0.0009,0.0011,0.0003,0.0011,0.001,0.0007,0.001,0.0005,0.0006,0.0006,0.0008,0.0006
Thrissur,DP,0.0006,0.0007,0.0008,0.0005,0.0011,0.0006,0.0007,0.0004,0.0006,0.001,0.0006,0.0006,0.0001,0.0003,0.0003,0.0002,0.0001,0.0002,,,,
Thrissur,Pod,0.0017,0.0018,0.0018,0.0014,0.0016,0.0022,0.0027,0.002,0.0019,0.0025,0.002,0.0032,0.0026,0.002,0.0022,0.0047,0.0057,0.0035,0.0033,0.0036,0.004,0.0036
Thrissur,Sourcing,,0.0004,0.0003,0.0005,0.0006,0.0003,0.0004,0.0005,0.0005,0.0006,0.0004,0.0005,0.0002,0.0005,0.0004,0.0006,0.0004,0.0003,0.0008,0.0004,0.0005,0.0008
Thrissur,WH,,0.0001,0.0003,0.0003,0.0001,0.0004,0.0006,0.0004,0.0002,0.0002,0.0003,0.0002,,0.0001,0.0002,0.0003,0.0003,0.0003,0.0003,0.0001,0.0003,0.0004
Tirunelveli,CX,,0.001,0.0013,0.0014,0.0012,0.0019,0.002,0.0015,0.0038,0.0009,0.0014,0.0022,0.0011,0.0009,0.0021,0.0032,0.0014,0.002,0.0022,0.0011,0.0026,0.0006
Tirunelveli,DP,,0.001,0.0004,0.0004,0.0008,0.0002,0.0002,,0.0009,0.0011,0.0004,,0.0004,0.0003,,,0.0014,0.0005,,,,
Tirunelveli,Pod,0.0023,0.0023,0.0045,0.0059,0.0034,0.0027,0.0035,0.0037,0.005,0.0027,0.0027,0.0041,0.0038,0.0033,0.0058,0.0063,0.0083,0.0083,0.0067,0.0054,0.0035,0.0076
Tirunelveli,Sourcing,,0.0002,0.0004,0.0002,0.0004,0.0002,0.0002,0.0006,,,0.0009,0.0004,0.0007,0.0002,0.001,0.0007,0.0008,0.0011,0.0011,0.0012,0.0012,0.0007
Tirunelveli,WH,,0.0004,0.0007,0.0008,0.0006,0.0007,,0.0002,0.0002,0.0004,0.0007,0.0002,0.0011,0.0003,0.0006,0.0007,0.0018,0.0011,0.0017,0.0011,0.0006,0.0006
Tirupati,CX,0.0042,0.0033,0.003,0.0042,0.0018,0.0025,0.0021,0.0031,0.0032,0.0023,0.0031,0.0048,0.0054,0.0031,0.0042,0.0024,0.0032,0.0029,0.001,0.0019,0.0032,0.0033
Tirupati,DP,0.0016,0.0007,0.0008,0.0004,0.0007,0.0008,0.001,0.0008,0.0012,0.0016,0.0012,0.0007,0.0012,0.0013,0.0008,0.0006,0.0007,0.0005,,,,
Tirupati,Pod,0.01,0.0067,0.0069,0.0072,0.0072,0.0084,0.0054,0.006,0.0062,0.0089,0.0078,0.0117,0.0095,0.0075,0.0091,0.0082,0.0093,0.0078,0.0083,0.0064,0.0077,0.0058
Tirupati,Sourcing,0.0021,0.0007,0.0011,0.0013,0.0007,0.0014,0.0007,0.002,0.0013,0.0018,0.0012,0.0013,0.0017,0.0013,0.0013,0.0013,0.0013,0.0018,0.0019,0.0023,0.0012,0.0008
Tirupati,WH,0.0011,0.0007,0.0007,0.0005,0.0006,0.0012,0.0011,0.0006,0.0008,0.0008,0.0012,0.002,0.0009,0.0011,0.001,0.0015,0.0016,0.0016,0.0007,0.0009,0.001,0.0009
Tirupur,CX,,0.0027,0.0028,0.004,0.0021,0.0019,0.0016,0.0024,0.0024,0.0021,0.0024,0.0024,0.0037,0.0022,0.0028,0.002,0.0026,0.0024,0.0017,0.0026,0.0028,0.0024
Tirupur,DP,,0.0008,0.0004,0.0002,0.0011,0.0014,0.0009,0.0007,0.0005,0.0019,0.0008,0.0002,0.0002,0.0003,0.0003,0.0003,,0.0003,,,,
Tirupur,Pod,0.0011,0.0034,0.0044,0.007,0.0032,0.005,0.0053,0.0046,0.0063,0.0078,0.0052,0.0067,0.0055,0.0049,0.0075,0.0068,0.0075,0.0084,0.0079,0.0062,0.0072,0.0063
Tirupur,Sourcing,0.0011,0.001,0.0009,0.0008,0.0004,0.0005,0.001,0.0008,0.0006,0.0015,0.0012,0.0003,0.0002,0.0012,0.0002,0.0005,0.001,0.0003,0.0005,0.0008,0.0009,0.0006
Tirupur,WH,,0.0007,0.0002,0.0009,0.0006,0.0007,0.0002,0.0014,0.0013,0.0018,0.0012,0.0008,0.0007,0.0013,0.0016,0.0017,0.0031,0.0016,0.0012,0.0008,0.0006,0.0008
Trichy,CX,,0.0018,0.0014,0.0005,0.0017,0.0018,0.0023,0.0021,0.0013,0.0019,0.0018,0.0026,0.002,0.003,0.0018,0.0021,0.0024,0.0049,0.0029,0.002,0.0024,0.0012
Trichy,DP,0.0015,0.0006,0.0004,0.0008,0.0003,0.0007,0.0005,0.0012,0.0007,0.0006,0.0008,0.0004,0.0003,0.0007,0.0003,0.0005,0.0003,0.0003,,,,
Trichy,Pod,0.0051,0.0054,0.0045,0.0039,0.0042,0.0035,0.007,0.0057,0.0059,0.0042,0.0054,0.0059,0.0062,0.0059,0.0046,0.0087,0.0089,0.0102,0.0079,0.0079,0.0071,0.0069
Trichy,Sourcing,0.0007,0.001,0.0004,0.0006,0.001,0.0006,0.0009,0.0005,0.0012,0.001,0.0004,0.0003,0.0016,0.0006,0.0004,0.0015,0.0013,0.0013,0.0023,0.0009,0.0018,0.0007
Trichy,WH,0.0007,0.0013,0.0003,0.0011,0.0006,0.0007,0.0005,0.0008,0.0011,0.0014,0.0006,0.001,0.0015,0.0004,0.0007,0.001,0.001,0.0012,0.0009,0.0008,0.0008,0.0002
Tumakuru,CX,,0.0003,0.0003,0.0009,,,0.001,0.0015,0.0015,0.0014,0.0017,0.0009,0.0009,0.002,0.0011,0.0019,0.0019,0.0011,0.0016,0.0026,0.0003,0.0008
Tumakuru,DP,,0.0016,,0.0009,0.0003,0.0003,0.0006,0.0003,,0.0008,0.0006,0.0006,0.0006,0.0012,0.0005,0.0006,0.0008,,,,,
Tumakuru,Pod,0.0034,0.0033,0.0017,0.0028,0.0015,0.0021,0.0044,0.0028,0.0015,0.0039,0.0043,0.0066,0.0057,0.0072,0.0068,0.0081,0.0063,0.0049,0.0053,0.0039,0.0045,0.0039
Tumakuru,Sourcing,,0.0008,0.0006,,0.0006,0.0006,0.0006,0.0012,0.0003,0.0014,0.0012,0.0023,0.0015,0.0003,0.0008,0.0006,0.0003,0.0003,0.0013,0.0008,0.0005,0.0018
Tumakuru,WH,,0.0003,,,,0.0009,0.0006,0.0003,0.0006,,,0.0009,0.0003,0.0009,0.0024,0.0017,0.0014,0.0008,,0.0008,0.0005,0.0005
Udaipur,CX,0.0039,0.004,0.0043,0.0042,0.0015,0.0036,0.0032,0.003,0.0033,0.003,0.0035,0.0048,0.0037,0.0035,0.0061,0.0039,0.0049,0.0044,0.0034,0.0037,0.0041,0.0027
Udaipur,DP,0.0013,0.0014,0.0011,0.0014,0.0009,0.0015,0.0006,0.0007,0.0004,0.0022,0.0005,0.0004,0.0014,0.0006,0.0022,0.0009,0.0002,0.0022,,,,
Udaipur,Pod,0.0092,0.0093,0.0087,0.0092,0.0041,0.0085,0.0069,0.0074,0.0084,0.0104,0.0104,0.011,0.0084,0.0063,0.0119,0.0127,0.0138,0.0128,0.0119,0.0142,0.0119,0.0086
Udaipur,Sourcing,,0.001,0.0008,0.0016,0.0015,0.0011,0.0017,0.0011,0.0009,0.002,0.0009,0.0021,0.0025,0.002,0.0014,0.0013,0.0013,0.0017,0.0032,0.0021,0.0026,0.0014
Udaipur,WH,,0.0002,0.0009,0.001,0.0011,0.0004,0.0004,0.0017,0.0016,0.0023,0.0012,0.0021,0.0016,0.0006,0.0026,0.0022,0.0015,0.002,0.001,0.0021,0.0012,0.0011
Ujjain,CX,0.0024,0.0032,0.0024,0.0038,0.0023,0.004,0.0049,,0.0023,0.005,0.002,0.0052,0.0048,0.0036,0.0047,0.0033,0.0048,0.0004,0.0011,0.0044,0.0029,0.0008
Ujjain,DP,0.0024,0.0014,0.0008,0.0004,0.0005,0.0004,,0.0005,0.0028,0.0017,0.0008,0.0019,,0.0026,0.0026,0.0014,0.0024,0.0009,,,,
Ujjain,Pod,0.0048,0.0043,0.0089,0.0089,0.0046,0.0058,0.0069,0.0044,0.0042,0.0088,0.0056,0.0146,0.0075,0.0122,0.0104,0.0118,0.0084,0.0104,0.0101,0.0087,0.0095,0.0072
Ujjain,Sourcing,,0.0011,,0.0008,0.0009,0.0013,0.0015,0.0005,0.0032,0.0017,0.002,0.0019,0.0016,0.0015,0.0016,0.0024,0.0032,0.003,0.003,0.0022,0.0012,0.0016
Ujjain,WH,,0.0004,0.0012,0.0008,0.0009,0.0018,0.001,0.0015,,0.0017,0.0016,0.0005,0.0032,0.0005,0.0005,0.0014,0.0004,0.0009,0.0015,0.0004,0.0012,
Vadodara,CX,0.0007,0.0025,0.0028,0.0034,0.0031,0.0029,0.0043,0.0022,0.002,0.0025,0.0023,0.0033,0.003,0.0045,0.0018,0.0032,0.0028,0.0032,0.001,0.0016,0.0031,0.0019
Vadodara,DP,0.0007,0.0008,0.0007,0.001,0.0003,0.0008,0.0016,0.0019,0.0021,0.0014,0.001,0.001,0.0007,0.001,0.0004,0.0007,0.0008,0.001,,,,
Vadodara,Pod,0.0091,0.0069,0.0067,0.0061,0.0059,0.0079,0.0064,0.0063,0.0084,0.0059,0.0072,0.0084,0.0092,0.0081,0.0056,0.0086,0.006,0.0075,0.006,0.0073,0.0077,0.0052
Vadodara,Sourcing,0.0035,0.0022,0.0019,0.0015,0.002,0.0018,0.0009,0.0012,0.0023,0.0025,0.002,0.0026,0.0022,0.0021,0.0012,0.0023,0.0017,0.0012,0.0018,0.001,0.0022,0.0016
Vadodara,WH,,0.0005,0.0005,0.0013,0.0005,0.0006,0.0013,0.0007,0.0009,0.0009,0.0009,0.0007,0.0009,0.0013,0.0012,0.0017,0.0009,0.001,0.0004,0.0006,0.001,0.0003
Vapi,CX,,0.0018,0.0022,0.0023,0.0018,0.0016,0.003,0.0056,0.0053,0.0024,0.0044,0.0062,0.0034,0.0016,0.0029,0.0033,0.0018,0.0052,0.0036,0.0021,0.0014,0.0024
Vapi,DP,0.0016,0.0018,0.0017,0.001,0.0018,0.0008,0.0006,0.0019,0.0011,0.0019,0.0003,0.0003,0.0011,0.0008,0.0005,0.001,0.0013,0.0002,,,,
Vapi,Pod,0.0065,0.0038,0.005,0.0046,0.0033,0.0057,0.0044,0.0061,0.0077,0.0061,0.0051,0.0078,0.0096,0.0048,0.0072,0.0055,0.0059,0.0075,0.0073,0.0046,0.0048,0.0043
Vapi,Sourcing,,0.001,0.0017,0.0013,0.0015,0.0019,0.0006,0.0013,0.0019,0.0013,0.0031,0.0035,0.0023,0.0021,0.0019,0.0014,0.0015,0.0005,0.003,0.001,0.0014,0.0008
Vapi,WH,,,,0.0007,,0.0014,,0.0005,0.0003,0.0008,,0.0019,,,0.0005,0.0002,,0.0002,0.001,0.0004,0.0002,0.0003
Varanasi,CX,0.0011,0.0015,0.0034,0.0026,0.002,0.0025,0.0036,0.0017,0.0036,0.0024,0.0034,0.0048,0.0046,0.0037,0.0029,0.0017,0.0017,0.0018,0.0016,0.0019,0.0013,0.001
Varanasi,DP,0.0011,0.0006,0.0008,0.0009,0.0009,0.0004,0.0006,0.0007,0.0013,0.0003,0.0006,0.0012,0.0017,0.0008,0.0005,0.0006,0.0009,0.0002,,,,
Varanasi,Pod,0.0077,0.0059,0.0086,0.0084,0.0065,0.0079,0.0071,0.0065,0.009,0.009,0.0066,0.011,0.0085,0.0072,0.0075,0.0056,0.0075,0.008,0.0083,0.0072,0.0068,0.0066
Varanasi,Sourcing,0.0033,0.0017,0.0015,0.0009,0.0011,0.002,0.001,0.0014,0.0029,0.0022,0.002,0.0034,0.0026,0.0014,0.0016,0.0024,0.0029,0.0015,0.0027,0.0012,0.0015,0.0014
Varanasi,WH,,0.0005,0.0007,0.0014,0.0009,0.0003,0.0008,0.0008,0.0008,0.0007,0.0011,0.0009,0.0014,0.001,0.0014,0.0007,0.0009,0.001,0.0002,0.0002,0.0005,0.0007
Vellore,CX,0.0009,0.0024,0.0011,0.0016,0.0018,0.0008,0.0012,0.0009,0.0011,0.0017,0.0022,0.0021,0.0009,0.003,0.0016,0.0018,0.0009,0.0014,0.0017,0.0015,0.0019,0.0009
Vellore,DP,,0.0004,0.0008,,0.001,,0.0003,0.0006,0.0008,0.0009,0.0006,0.0006,0.0004,0.0006,0.0003,,0.0007,0.0003,,,,
Vellore,Pod,0.0018,0.003,0.0043,0.0028,0.0047,0.0024,0.0031,0.0026,0.0027,0.0051,0.0028,0.0065,0.0062,0.0047,0.0052,0.0051,0.0055,0.0057,0.0041,0.0051,0.0055,0.0036
Vellore,Sourcing,,0.0004,0.0008,0.0003,0.001,0.0014,0.0006,0.0009,0.0013,0.0016,0.001,0.0016,0.0015,0.0006,0.0009,0.0008,0.0003,0.0005,0.0015,0.0004,0.001,0.001
Vellore,WH,,0.0003,0.0002,0.001,0.0007,0.0005,0.0005,0.0012,0.0004,0.0005,0.0007,0.0007,0.0006,0.0006,0.0005,0.0005,0.0001,0.001,0.0014,0.001,0.0006,0.001
Vijayawada,CX,0.0014,0.0034,0.0027,0.0039,0.0033,0.003,0.0031,0.0031,0.0033,0.0025,0.002,0.0027,0.0031,0.0027,0.002,0.002,0.0025,0.0019,0.0023,0.0018,0.0024,0.0018
Vijayawada,DP,0.001,0.0009,0.0011,0.0006,0.0009,0.0008,0.0012,0.0014,0.0007,0.0009,0.0009,0.0012,0.0008,0.0013,0.0009,0.0008,0.001,0.0005,,,,
Vijayawada,Pod,0.0044,0.0061,0.0056,0.0071,0.0066,0.0057,0.0066,0.0059,0.0062,0.0062,0.0046,0.0074,0.0065,0.0058,0.0061,0.0079,0.0082,0.0064,0.0054,0.0066,0.0073,0.0049
Vijayawada,Sourcing,0.0017,0.0015,0.0022,0.0014,0.001,0.0016,0.0015,0.0017,0.0014,0.0017,0.0017,0.0011,0.0013,0.0016,0.0012,0.0013,0.0016,0.0017,0.0016,0.0014,0.0013,0.0012
Vijayawada,WH,0.001,0.0009,0.0012,0.0026,0.0016,0.0017,0.0013,0.0016,0.0009,0.001,0.0012,0.0009,0.0015,0.0016,0.0012,0.002,0.0015,0.0016,0.0018,0.0015,0.0014,0.0011
Vizag,CX,0.0023,0.0023,0.003,0.0028,0.0031,0.0027,0.0024,0.0021,0.0025,0.0018,0.0033,0.0045,0.0026,0.0042,0.0024,0.0031,0.0034,0.0026,0.0026,0.0029,0.0042,0.0033
Vizag,DP,0.0017,0.0017,0.0008,0.0013,0.0011,0.0017,0.0014,0.0011,0.001,0.0012,0.0008,0.001,0.0011,0.001,0.0011,0.0015,0.001,0.0015,,,,
Vizag,Pod,0.0043,0.0061,0.0072,0.0064,0.0057,0.0069,0.0069,0.0057,0.0073,0.006,0.0063,0.0094,0.0075,0.0065,0.0074,0.0063,0.0081,0.0076,0.0076,0.0086,0.0095,0.0081
Vizag,Sourcing,0.0013,0.0019,0.0024,0.0019,0.0015,0.0019,0.0016,0.0012,0.0016,0.0015,0.0017,0.0021,0.0019,0.0021,0.0015,0.002,0.0013,0.0009,0.0024,0.0021,0.0023,0.0021
Vizag,WH,,0.0004,0.0007,0.001,0.0008,0.0011,0.001,0.0007,0.0006,0.0006,0.0013,0.0008,0.0012,0.001,0.0011,0.0014,0.0012,0.0011,0.0013,0.0011,0.0011,0.0013
Vizianagaram,CX,,0.0037,,,,0.0014,0.0012,0.001,0.0019,0.0018,0.0009,0.0079,0.001,0.001,0.0045,0.0052,0.005,0.0009,0.0015,0.0049,,0.0015
Vizianagaram,DP,,,,,,,0.0012,,,0.0009,,,,,0.0009,0.0009,,0.0027,,,,
Vizianagaram,Pod,,0.0049,0.0034,0.0097,0.0028,0.0056,0.0107,0.001,0.0067,0.0027,0.006,0.0039,,0.0072,0.0036,0.007,0.014,0.0036,0.0022,0.0084,0.0066,0.0036
Vizianagaram,Sourcing,0.0081,0.0012,0.0011,0.0012,,,,0.0029,0.0038,0.0009,0.0009,0.002,,,,0.0017,0.001,0.0018,0.0015,0.0021,0.0015,0.0015
Vizianagaram,WH,,,,,,,0.0024,,0.001,,0.0017,0.002,,,,0.0026,0.001,0.0009,0.0007,0.0007,0.0007,0.0007
Warangal,CX,0.0031,0.0025,0.0029,0.0054,0.0039,0.0051,0.0041,0.005,0.0049,0.0042,0.0045,0.0058,0.0041,0.0033,0.0038,0.0031,0.0034,0.0032,0.0018,0.0025,0.0021,0.0034
Warangal,DP,0.0023,0.0013,0.0021,0.002,0.001,0.0014,0.0015,0.0017,0.0029,0.0027,0.0023,0.0019,0.0024,0.0008,0.0005,0.0006,0.0016,0.0013,,,,
Warangal,Pod,0.013,0.0093,0.0088,0.0073,0.0115,0.0111,0.0092,0.0085,0.0101,0.0081,0.0081,0.0105,0.0113,0.0081,0.0122,0.0111,0.0114,0.0101,0.0082,0.0064,0.0075,0.0085
Warangal,Sourcing,0.0015,0.0017,0.0008,0.0009,0.0015,0.0017,0.0018,0.0036,0.0016,0.0031,0.0023,0.0024,0.0026,0.0023,0.0017,0.0018,0.0018,0.0014,0.0014,0.002,0.0021,0.0009
Warangal,WH,,0.0012,0.0008,0.0011,0.0008,0.0018,0.0017,0.001,0.0013,0.0009,0.0015,0.0012,0.0019,0.0016,0.0007,0.0022,0.0022,0.0014,0.0009,0.0008,0.001,0.0017