Wed Aug 12 2026 00:00:00 GMT+0530 (India Standard Time),,,,,,,,,,,,,,,,,,,,,,,,
A.City vs spoc level,,,,,,,,,,,,,,City,SPOC,Basic reason,Wed Aug 12 2026 00:00:00 GMT+0530 (India Standard Time),Tue Aug 11 2026 00:00:00 GMT+0530 (India Standard Time),Mon Aug 10 2026 00:00:00 GMT+0530 (India Standard Time),Sun Aug 09 2026 00:00:00 GMT+0530 (India Standard Time),Sat Aug 08 2026 00:00:00 GMT+0530 (India Standard Time),Fri Aug 07 2026 00:00:00 GMT+0530 (India Standard Time),Thu Aug 06 2026 00:00:00 GMT+0530 (India Standard Time),Tier
CITY,CX,Pod,Sourcing,WH,Grand Total,,,,,,,,,Bangalore,CX,Customer perception / Wrong claim,0,0.0018905533978587428,0.0018965943761853714,0.002098904960443714,0.0015698899089861293,0.001465334673882816,0.0013219786638792388,Tier-1
Bangalore,#N/A,#N/A,#N/A,#N/A,#N/A,,#N/A,#N/A,0,0,,,,Bangalore,Pod,Damage in transit,0,0,0,0.000009497307513319974,0,0,0,Tier-1
Chennai,#N/A,#N/A,#N/A,#N/A,#N/A,,#N/A,#N/A,,,,,,Bangalore,Pod,External Damage/Bruises,0,0.0036167108480775947,0.003958110002473819,0.003912890695487829,0.003477604228766742,0.003444071277301217,0.003002633709431139,Tier-1
Delhi,#N/A,#N/A,#N/A,#N/A,#N/A,,#N/A,#N/A,,,,,,Bangalore,Pod,External Rotten/ Fungal,0,0.0019933008651336743,0.0023398202358373876,0.0019849372702838747,0.0015996979452327013,0.0011872419620510407,0.0014756971131675224,Tier-1
Hyderabad,#N/A,#N/A,#N/A,#N/A,#N/A,,#N/A,#N/A,,,,,,Bangalore,Sourcing,Internal Rotten,0,0.0008425292316544397,0.0010204502350127814,0.0009212388287920375,0.0007551369182464926,0.0007594070207713864,0.0007071048667261045,Tier-1
Kolkata,#N/A,#N/A,#N/A,#N/A,#N/A,,#N/A,#N/A,,,,,,Bangalore,Sourcing,Taste / water content,0,0.0004109898690997267,0.00038138039086336274,0.0004558707606393587,0.00041731250745200905,0.00032087620595974074,0.0004918990377225075,Tier-1
Mumbai,#N/A,#N/A,#N/A,#N/A,#N/A,,#N/A,#N/A,,,,,,Bangalore,Sourcing,Incorrect size (sourcing issue),0,0.00026714341491482235,0.0002679970314174981,0.00034190307047951904,0.0002484003020547673,0.00024600509123580124,0.00026644531209969155,Tier-1
Pune,#N/A,#N/A,#N/A,#N/A,#N/A,,#N/A,#N/A,,,,,,Bangalore,DP,Overripe,0,0.00022604442800484967,0.00020615156262884473,0.00022793538031967936,0.00017884821747943245,0.00010695873531991358,0.00022545372562281593,Tier-1
Noida 1,#N/A,#N/A,#N/A,#N/A,#N/A,,#N/A,#N/A,,,,,,Bangalore,DP,Raw,0,0.0006164848036495901,0.00046384101591490063,0.000721795371012318,0.00100353722030126,0.00045992256187562836,0.0008095838329182935,Tier-1
Gurgaon,#N/A,#N/A,#N/A,#N/A,#N/A,,#N/A,#N/A,,,,,,Bangalore,WH,Shrivelled / Dry,0,0.0011815958736617143,0.0014224457821390287,0.0007028007559856781,0.0006160327490958229,0.0006203606648554987,0.0005226427275801642,Tier-1
,,,,,,,,,,,,,,Bangalore,WH,Underweight (packing issue),0,0.0004418141092822062,0.0005978395316236497,0.0005603411432858785,0.0005365446524382974,0.00047061843540761975,0.0006046259005339154,Tier-1
,,,,,,,,,,,,,,Chennai,CX,Customer perception / Wrong claim,0,0.002744888227220917,0.00250272034820457,0.00319702762836714,0.0023008135866600253,0.0035844129243688874,0.0032170196778283943,Tier-1
,,,,,,,,,,,,,,Chennai,Pod,Damage in transit,0,0,0,0,0,0,0,Tier-1
,,,,,,,,,,,,,,Chennai,Pod,External Damage/Bruises,0,0.008932517620786713,0.004923830250272035,0.008208584451212926,0.006878721032282549,0.006989605202519331,0.00894660216972714,Tier-1
,,,,,,,,,,,,,,Chennai,Pod,External Rotten/ Fungal,0,0.000023261764637465398,0.00250272034820457,0,0,0,0,Tier-1
,,,,,,,,,,,,,,Chennai,Sourcing,Internal Rotten,0,0.0010235176440484776,0.0008705114254624592,0.0008424599831508003,0.0013045850233639317,0.0009729120794715551,0.001127130982012868,Tier-1
,,,,,,,,,,,,,,Chennai,Sourcing,Taste / water content,0,0.00020935588173718857,0.0004896626768226333,0.0001296092281770462,0.00026091700467278635,0.0002560294945977777,0.000281782745503217,Tier-1
,,,,,,,,,,,,,,Chennai,Sourcing,Incorrect size (sourcing issue),0,0,0.00029923830250272037,0,0,0,0,Tier-1
,,,,,,,,,,,,,,Chennai,DP,Overripe,0,0.000046523529274930796,0.00024483133841131664,0.0000216015380295077,0.00004743945539505206,0.00012801474729888884,0.00009392758183440567,Tier-1
,,,,,,,,,,,,,,Chennai,DP,Raw,0,0.00041871176347437714,0.0005168661588683351,0.0005832415267967079,0.00033207618776536445,0.00048645603973577757,0.0005870473864650355,Tier-1
,,,,,,,,,,,,,,Chennai,WH,Shrivelled / Dry,0,0.0006280676452115658,0.0015505984766050055,0.0004104292225606463,0.0002846367323703124,0.0005888678375748886,0.00021133705912741276,Tier-1
,,,,,,,,,,,,,,Chennai,WH,Underweight (packing issue),0,0.0005117588220242388,0.0007072905331882481,0.00043203076059015403,0.0004506748262529946,0.0003584412924368887,0.0004931198046306298,Tier-1
,,,,,,,,,,,,,,Delhi,CX,Customer perception / Wrong claim,0,0.0015620007810003905,0.002367038982173238,0.002721605114085889,0.0018188057652711051,0.0029455081001472753,0.002164199944149679,Tier-1
,,,,,,,,,,,,,,Delhi,Pod,Damage in transit,0,0,0,0,0,0,0,Tier-1
,,,,,,,,,,,,,,Delhi,Pod,External Damage/Bruises,0,0.003940501970250985,0.009320215992307123,0.008512927624291908,0.00881949210706932,0.006942983378918578,0.007679419156660151,Tier-1
,,,,,,,,,,,,,,Delhi,Pod,External Rotten/ Fungal,0,0.0034435017217508608,0.00007396996819291368,0.0002531725687521757,0.0001029512697323267,0.00021039343572480537,0.00003490645071209159,Tier-1
,,,,,,,,,,,,,,Delhi,Sourcing,Internal Rotten,0,0.0012780006390003195,0.0015163843479547303,0.0012658628437608784,0.0012354152367879203,0.0009678098043341048,0.0008726612678022898,Tier-1
,,,,,,,,,,,,,,Delhi,Sourcing,Taste / water content,0,0.002023501011750506,0.0010725645387972484,0.000981043703914681,0.0008236101578586136,0.0009257311171891436,0.0005934096621055572,Tier-1
,,,,,,,,,,,,,,Delhi,Sourcing,Incorrect size (sourcing issue),0,0.00021300010650005324,0,0,0.000034317089910775565,0,0,Tier-1
,,,,,,,,,,,,,,Delhi,DP,Overripe,0,0.00010650005325002662,0.00022190990457874102,0.00037975885312826357,0.00013726835964310226,0.00025247212286976645,0.00020943870427254956,Tier-1
,,,,,,,,,,,,,,Delhi,DP,Raw,0,0.00021300010650005324,0.0005547747614468526,0.0005696382796923954,0.0003774879890185312,0.0008415737428992215,0.0007679419156660151,Tier-1
,,,,,,,,,,,,,,Delhi,WH,Shrivelled / Dry,0,0.0010650005325002663,0.0014424143797618168,0.0011392765593847907,0.0006863417982155113,0.0005049442457395329,0.0005934096621055572,Tier-1
,,,,,,,,,,,,,,Delhi,WH,Underweight (packing issue),0,0.0009585004792502396,0.0003698498409645684,0.00037975885312826357,0.0002059025394646534,0.0004628655585945718,0.00017453225356045798,Tier-1
,,,,,,,,,,,,,,Hyderabad,CX,Customer perception / Wrong claim,0,0.0032224451991355357,0.0037517524633216832,0.003353266640585704,0.0029836090339149485,0.0027576985751890694,0.0029742299938120046,Tier-1
,,,,,,,,,,,,,,Hyderabad,Pod,Damage in transit,0,0,0.00001974606559642991,0,0,0,0,Tier-1
,,,,,,,,,,,,,,Hyderabad,Pod,External Damage/Bruises,0,0.006367706082124112,0.007148075745907628,0.005812328843681887,0.00585391645894705,0.005766097020849873,0.005529273209972653,Tier-1
,,,,,,,,,,,,,,Hyderabad,Pod,External Rotten/ Fungal,0,0.000019296079036739735,0.00013822245917500937,0,0,0,0,Tier-1
,,,,,,,,,,,,,,Hyderabad,Sourcing,Internal Rotten,0,0.001022692188947206,0.0009873032798214955,0.0009500922148326161,0.0009252964725432434,0.0010027994818869344,0.0010379863065652635,Tier-1
,,,,,,,,,,,,,,Hyderabad,Sourcing,Taste / water content,0,0.000289441185551096,0.00015796852477143928,0.00020492185025801525,0.00015106881184379485,0.00022980821459908912,0.000299419126893826,Tier-1
,,,,,,,,,,,,,,Hyderabad,Sourcing,Incorrect size (sourcing issue),0,0,0,0.000018629259114365022,0,0,0,Tier-1
,,,,,,,,,,,,,,Hyderabad,DP,Overripe,0,0.00015436863229391788,0.0002961909839464487,0.00013040481380055516,0.0002454868192461666,0.00022980821459908912,0.00031938040202008104,Tier-1
,,,,,,,,,,,,,,Hyderabad,DP,Raw,0,0.0006367706082124113,0.000651620164682187,0.0004098437005160305,0.0006042752473751794,0.000584966364434045,0.0007385671796714374,Tier-1
,,,,,,,,,,,,,,Hyderabad,WH,Shrivelled / Dry,0,0.0011770608212411239,0.0012637481981715142,0.0006520240690027758,0.0006798096532970768,0.0005222913968161117,0.00033934167714633613,Tier-1
,,,,,,,,,,,,,,Hyderabad,WH,Underweight (packing issue),0,0.00048240197591849335,0.0005528898367000375,0.0005775070325453157,0.0005476244429337563,0.0004805080850708227,0.0005189931532826317,Tier-1
,,,,,,,,,,,,,,Kolkata,CX,Customer perception / Wrong claim,0,0.0021350078492935634,0.0030278562777553493,0.002665299846232701,0.0022343872193051058,0.0016567896514369464,0.0014125125066211525,Tier-1
,,,,,,,,,,,,,,Kolkata,Pod,Damage in transit,0,0,0,0,0,0,0,Tier-1
,,,,,,,,,,,,,,Kolkata,Pod,External Damage/Bruises,0,0.005149136577708006,0.006392141030816849,0.005381855458739108,0.004301195397162328,0.004970368954310839,0.0045906656465187455,Tier-1
,,,,,,,,,,,,,,Kolkata,Pod,External Rotten/ Fungal,0,0.0035164835164835165,0.002960570582694119,0.0035366478728856995,0.004133616355714445,0.0041419741285923664,0.002825025013242305,Tier-1
,,,,,,,,,,,,,,Kolkata,Sourcing,Internal Rotten,0,0.001130298273155416,0.0009419997308572198,0.0008200922603792927,0.0010054742486872974,0.0008921175046198943,0.0005885468777588135,Tier-1
,,,,,,,,,,,,,,Kolkata,Sourcing,Taste / water content,0,0.00018838304552590266,0.0014129995962858296,0.00097385955920041,0.000782035526756787,0.0003823360734085261,0.0005885468777588135,Tier-1
,,,,,,,,,,,,,,Kolkata,Sourcing,Incorrect size (sourcing issue),0,0.00018838304552590266,0.00013457139012245997,0.00020502306509482317,0.00016757904144788292,0.00012744535780284203,0.00017656406332764406,Tier-1
,,,,,,,,,,,,,,Kolkata,DP,Overripe,0,0.0003139717425431711,0.0007401426456735298,0.0005125576627370579,0.0005027371243436487,0.00019116803670426305,0.0002354187511035254,Tier-1
,,,,,,,,,,,,,,Kolkata,DP,Raw,0,0.00018838304552590266,0.0006728569506122998,0.0005125576627370579,0.0003910177633783935,0.0010195628624227362,0.0005885468777588135,Tier-1
,,,,,,,,,,,,,,Kolkata,WH,Shrivelled / Dry,0,0.0003139717425431711,0.0016821423765307495,0.0007175807278318811,0.0005027371243436487,0.0003186133945071051,0.0002354187511035254,Tier-1
,,,,,,,,,,,,,,Kolkata,WH,Underweight (packing issue),0,0.0002511773940345369,0.00013457139012245997,0.0005638134290107637,0.0005027371243436487,0.00044605875230994713,0.0003531281266552881,Tier-1
,,,,,,,,,,,,,,Mumbai,CX,Customer perception / Wrong claim,0,0.0021336727245503378,0.0024299599771297883,0.0020845985916648885,0.002521886371005512,0.0024099441907661084,0.0025260931717155893,Tier-1
,,,,,,,,,,,,,,Mumbai,Pod,Damage in transit,0,0,0,0,0.000018013474078610802,0,0,Tier-1
,,,,,,,,,,,,,,Mumbai,Pod,External Damage/Bruises,0,0.005839525351400925,0.007596177407498162,0.007172988854783908,0.007043268364736823,0.006553357009978014,0.006912487516400024,Tier-1
,,,,,,,,,,,,,,Mumbai,Pod,External Rotten/ Fungal,0,0,0.0002450379808870375,0.0002790407563645914,0.0001080808444716648,0.00014797902925756806,0.00007832847044079347,Tier-1
,,,,,,,,,,,,,,Mumbai,Sourcing,Internal Rotten,0,0.0011604184993168503,0.0011843502409540146,0.0012474763225711143,0.0009367006520877617,0.0010358532048029764,0.001331583997493489,Tier-1
,,,,,,,,,,,,,,Mumbai,Sourcing,Taste / water content,0,0.00028074641112504445,0.00040839663481172917,0.00029545491850368496,0.0002521886371005512,0.00040165736512768474,0.0002937317641529755,Tier-1
,,,,,,,,,,,,,,Mumbai,Sourcing,Incorrect size (sourcing issue),0,0,0,0,0.000018013474078610802,0,0,Tier-1
,,,,,,,,,,,,,,Mumbai,DP,Overripe,0,0.00020588070149169926,0.00022461814914645105,0.00009848497283456166,0.0001080808444716648,0.00012683916793505834,0.00013707482327138856,Tier-1
,,,,,,,,,,,,,,Mumbai,DP,Raw,0,0.00050534354002508,0.0005921751204770073,0.00042676821561643384,0.0006845120149872104,0.0008033147302553695,0.0006266277635263478,Tier-1
,,,,,,,,,,,,,,Mumbai,WH,Shrivelled / Dry,0,0.00039304497557506225,0.000490075961774075,0.0003611115670600594,0.000360269481572216,0.0005496363943852528,0.0004308065874243641,Tier-1
,,,,,,,,,,,,,,Mumbai,WH,Underweight (packing issue),0,0.00011229856445001779,0.00016335865392469166,0.00013131329711274888,0.000180134740786108,0.0001902587519025875,0.0001762390584917853,Tier-1
,,,,,,,,,,,,,,Pune,CX,Customer perception / Wrong claim,0,0.0027526543452615023,0.0031070440519259416,0.0019383388801521412,0.003773891165848314,0.002954482503923922,0.0024836209480580654,Tier-1
,,,,,,,,,,,,,,Pune,Pod,Damage in transit,0,0,0,0,0,0,0,Tier-1
,,,,,,,,,,,,,,Pune,Pod,External Damage/Bruises,0,0.005549001616638266,0.008044264737178123,0.007351058771897743,0.005884023860731242,0.005170344381866864,0.005952126065173639,Tier-1
,,,,,,,,,,,,,,Pune,Pod,External Rotten/ Fungal,0,0,0.00004256224728665674,0,0.00008115894980318955,0,0,Tier-1
,,,,,,,,,,,,,,Pune,Sourcing,Internal Rotten,0,0.0007864726700747149,0.0009363694403064481,0.001609186994843287,0.0014608610964574119,0.0013849136737143384,0.0010705262707146833,Tier-1
,,,,,,,,,,,,,,Pune,Sourcing,Taste / water content,0,0.0002184646305763097,0.00029793573100659715,0.0002925794536078704,0.0002840563243111634,0.0002769827347428677,0.00017128420331434933,Tier-1
,,,,,,,,,,,,,,Pune,Sourcing,Incorrect size (sourcing issue),0,0,0,0,0,0,0,Tier-1
,,,,,,,,,,,,,,Pune,DP,Overripe,0,0.00008738585223052388,0.0001276867418599702,0.0003291518853088542,0.00004057947490159477,0.0002769827347428677,0.00042821050828587335,Tier-1
,,,,,,,,,,,,,,Pune,DP,Raw,0,0.0005243151133831433,0.000638433709299851,0.0004754416121127894,0.0004463742239175425,0.000646293047733358,0.0004710315591144607,Tier-1
,,,,,,,,,,,,,,Pune,WH,Shrivelled / Dry,0,0.0002184646305763097,0.0003830602255799106,0.000182862158504919,0.0001623178996063791,0.0002769827347428677,0.00017128420331434933,Tier-1
,,,,,,,,,,,,,,Pune,WH,Underweight (packing issue),0,0.0002184646305763097,0.00029793573100659715,0.00040229674871082176,0.00020289737450797387,0.000323146523866679,0.00017128420331434933,Tier-1
,,,,,,,,,,,,,,Gurgaon,CX,Customer perception / Wrong claim,0,0.0029366615497563907,0.0026736134914650033,0.0030380651694763804,0.004072453197179674,0.0025815334308579296,0.002621696308368171,Tier-1
,,,,,,,,,,,,,,Gurgaon,Pod,Damage in transit,0,0,0,0,0,0,0,Tier-1
,,,,,,,,,,,,,,Gurgaon,Pod,External Damage/Bruises,0,0.006807715410798905,0.008157948858572702,0.008458926550306785,0.010272307318259179,0.006281731348420962,0.007227379012258201,Tier-1
,,,,,,,,,,,,,,Gurgaon,Pod,External Rotten/ Fungal,0,0,0.00013710838417769247,0.0002382796211354024,0.00018234865061998541,0,0,Tier-1
,,,,,,,,,,,,,,Gurgaon,Sourcing,Internal Rotten,0,0.0014683307748781954,0.001782408994310002,0.0013701078215285637,0.001337223437879893,0.0009465622579812408,0.0013462764826755473,Tier-1
,,,,,,,,,,,,,,Gurgaon,Sourcing,Taste / water content,0,0.0006674230794900888,0.0006169877287996161,0.0001191398105677012,0.0006686117189399465,0.000602357800533517,0.0002834266279316942,Tier-1
,,,,,,,,,,,,,,Gurgaon,Sourcing,Incorrect size (sourcing issue),0,0,0,0,0,0,0,Tier-1
,,,,,,,,,,,,,,Gurgaon,DP,Overripe,0,0.00013348461589801776,0.00013710838417769247,0.0003574194317031036,0.00012156576707999027,0.00034420445744772393,0.0002834266279316942,Tier-1
,,,,,,,,,,,,,,Gurgaon,DP,Raw,0,0.0008009076953881065,0.00027421676835538494,0.0009531184845416096,0.0007293946024799417,0.00043025557180965496,0.0008502798837950826,Tier-1
,,,,,,,,,,,,,,Gurgaon,WH,Shrivelled / Dry,0,0.0008676500033371154,0.0012339754575992322,0.0009531184845416096,0.00036469730123997083,0.00034420445744772393,0.0009211365407780061,Tier-1
,,,,,,,,,,,,,,Gurgaon,WH,Underweight (packing issue),0,0.0003337115397450444,0.0004113251525330774,0.0001787097158515518,0.00036469730123997083,0.0006884089148954479,0.0004959965988804648,Tier-1
,,,,,,,,,,,,,,Noida 1,CX,Customer perception / Wrong claim,0,0.0015087747161121258,0.003126848643623764,0.0017241379310344827,0.0031785925487877,0.0023464599061416035,0.002367382726874178,Tier-1
,,,,,,,,,,,,,,Noida 1,Pod,Damage in transit,0,0,0,0,0,0,0,Tier-1
,,,,,,,,,,,,,,Noida 1,Pod,External Damage/Bruises,0,0.004129278170412133,0.004732527676835967,0.005172413793103448,0.007244234180958013,0.004080799836768007,0.0045594037702761945,Tier-1
,,,,,,,,,,,,,,Noida 1,Pod,External Rotten/ Fungal,0,0.004049868974827285,0.0048170370996366094,0.004525862068965518,0.00517445298639858,0.003162619873495205,0.0033318719859710653,Tier-1
,,,,,,,,,,,,,,Noida 1,Sourcing,Internal Rotten,0,0.0013499563249424282,0.0016056790332122032,0.0015804597701149425,0.0010348905972797163,0.001836359926545603,0.0014028934677772908,Tier-1
,,,,,,,,,,,,,,Noida 1,Sourcing,Taste / water content,0,0.0011117287381878821,0.0014366601876109185,0.001293103448275862,0.0012566528681253696,0.000612119975515201,0.00131521262604121,Tier-1
,,,,,,,,,,,,,,Noida 1,Sourcing,Incorrect size (sourcing issue),0,0.00015881839116969746,0.00016901884560128455,0.00021551724137931034,0.0003696037847427558,0.00010201999591920016,0.0003507233669443227,Tier-1
,,,,,,,,,,,,,,Noida 1,DP,Overripe,0,0.0002382275867545462,0.00008450942280064228,0.00035919540229885057,0.0005174452986398581,0.00040807998367680065,0.00043840420868040335,Tier-1
,,,,,,,,,,,,,,Noida 1,DP,Raw,0,0.0003176367823393949,0.00042254711400321134,0.001293103448275862,0.0004435245416913069,0.0008161599673536013,0.0009644892590968873,Tier-1
,,,,,,,,,,,,,,Noida 1,WH,Shrivelled / Dry,0,0.0011117287381878821,0.000929603650807065,0.0011494252873563218,0.000960969840331165,0.0008161599673536013,0.000526085050416484,Tier-1
,,,,,,,,,,,,,,Noida 1,WH,Underweight (packing issue),0,0.0010323195426030333,0.0013521507648102764,0.0007902298850574713,0.0022915434654050856,0.0008161599673536013,0.0006137658921525647,Tier-1
,,,,,,,,,,,,,,,,,,,,,,,,
,,,,,,,,,,,,,,,,,,,,,,,,
,,,,,,,,,,,,,,,,,,,,,,,,
,,,,,,,,,,,,,,,,,,,,,,,,
,,,,,,,,,,,,,,,,,,,,,,,,
,,,,,,,,,,,,,,,,,,,,,,,,
,,,,,,,,,,,,,,,,,,,,,,,,
,,,,,,,,,,,,,,,,,,,,,,,,
,,,,,,,,,,,,,,,,,,,,,,,,
,,,,,,,,,,,,,,,,,,,,,,,,
,,,,,,,,,,,,,,,,,,,,,,,,
,,,,,,,,,,,,,,,,,,,,,,,,
,,,,,,,,,,,,,,,,,,,,,,,,
,,,,,,,,,,,,,,,,,,,,,,,,
,,,,,,,,,,,,,,,,,,,,,,,,
,,,,,,,,,,,,,,,,,,,,,,,,
,,,,,,,,,,,,,,,,,,,,,,,,
,,,,,,,,,,,,,,,,,,,,,,,,
,,,,,,,,,,,,,,,,,,,,,,,,
,,,,,,,,,,,,,,,,,,,,,,,,
,,,,,,,,,,,,,,,,,,,,,,,,
,,,,,,,,,,,,,,,,,,,,,,,,
,,,,,,,,,,,,,,,,,,,,,,,,
,,,,,,,,,,,,,,,,,,,,,,,,
,,,,,,,,,,,,,,,,,,,,,,,,
,,,,,,,,,,,,,,,,,,,,,,,,
,,,,,,,,,,,,,,,,,,,,,,,,
,,,,,,,,,,,,,,,,,,,,,,,,
,,,,,,,,,,,,,,,,,,,,,,,,
,,,,,,,,,,,,,,,,,,,,,,,,
,,,,,,,,,,,,,,,,,,,,,,,,
,,,,,,,,,,,,,,,,,,,,,,,,
,,,,,,,,,,,,,,,,,,,,,,,,
,,,,,,,,,,,,,,,,,,,,,,,,
,,,,,,,,,,,,,,,,,,,,,,,,
B.7days trend (City vs spoc level),,,,,,,,,,,,,,,,,,,,,,,,
CITY,SPOC,Thu Aug 06 2026 00:00:00 GMT+0530 (India Standard Time),Fri Aug 07 2026 00:00:00 GMT+0530 (India Standard Time),Sat Aug 08 2026 00:00:00 GMT+0530 (India Standard Time),Sun Aug 09 2026 00:00:00 GMT+0530 (India Standard Time),Mon Aug 10 2026 00:00:00 GMT+0530 (India Standard Time),Tue Aug 11 2026 00:00:00 GMT+0530 (India Standard Time),Wed Aug 12 2026 00:00:00 GMT+0530 (India Standard Time),Avg,,,,,,,,,,,,,,,
Bangalore,CX,0.0013219786638792388,0.001465334673882816,0.0015698899089861293,0.002098904960443714,0.0018965943761853714,0.0018905533978587428,#DIV/0!,#DIV/0!,,,,,,,,,,,,,,,
Bangalore,Pod,0.0015679281827404926,0.0015794239915573904,0.0017520501304929587,0.0015338151634011758,0.002168027266980017,0.0019453520470720396,#DIV/0!,#DIV/0!,,,,,,,,,,,,,,,
Bangalore,DP,#DIV/0!,#DIV/0!,#DIV/0!,#DIV/0!,#DIV/0!,#DIV/0!,#DIV/0!,#DIV/0!,,,,,,,,,,,,,,,
Bangalore,Sourcing,0.0005687582623666493,0.0004465527199606392,0.0006060967370136322,0.0006102020077308083,0.0005334171683021357,0.0005342868298296447,#DIV/0!,#DIV/0!,,,,,,,,,,,,,,,
Bangalore,WH,0.0005636343140570398,0.0005454895501315593,0.0005762887007670602,0.0006315709496357782,0.0010101426568813392,0.0008117049914719602,#DIV/0!,#DIV/0!,,,,,,,,,,,,,,,
Chennai,CX,0.0032170196778283943,0.0035844129243688874,0.0023008135866600253,0.00319702762836714,0.00250272034820457,0.002744888227220917,#DIV/0!,#DIV/0!,,,,,,,,,,,,,,,
Chennai,Pod,0.004520264875780773,0.0035588099749091096,0.0034630802438388006,0.004115092994621217,0.002557127312295974,0.0030007676382330364,#DIV/0!,#DIV/0!,,,,,,,,,,,,,,,
Chennai,DP,#DIV/0!,#DIV/0!,#DIV/0!,#DIV/0!,#DIV/0!,#DIV/0!,#DIV/0!,#DIV/0!,,,,,,,,,,,,,,,
Chennai,Sourcing,0.0006653203713270401,0.0005717992046017034,0.0006325260719340275,0.0005184369127081848,0.000544069640914037,0.0005505284297533477,#DIV/0!,#DIV/0!,,,,,,,,,,,,,,,
Chennai,WH,0.00035222843187902126,0.0004736545650058887,0.0003676557793116535,0.00042122999157540015,0.0011289445048966267,0.0005699132336179023,#DIV/0!,#DIV/0!,,,,,,,,,,,,,,,
Delhi,CX,0.002164199944149679,0.0029455081001472753,0.0018188057652711051,0.002721605114085889,0.002367038982173238,0.0015620007810003905,#DIV/0!,#DIV/0!,,,,,,,,,,,,,,,
Delhi,Pod,0.002641254770548264,0.0024686163125043833,0.0030199039121482497,0.003048619682057449,0.0032053652883595927,0.002496834581750624,#DIV/0!,#DIV/0!,,,,,,,,,,,,,,,
Delhi,DP,#DIV/0!,#DIV/0!,#DIV/0!,#DIV/0!,#DIV/0!,#DIV/0!,#DIV/0!,#DIV/0!,,,,,,,,,,,,,,,
Delhi,Sourcing,0.0007446709485246207,0.0009117048881408233,0.0006177076183939602,0.0009388482757893182,0.0010479078827329439,0.0009318754659377329,#DIV/0!,#DIV/0!,,,,,,,,,,,,,,,
Delhi,WH,0.00038397095783300754,0.0004839049021670524,0.00044612216884008235,0.0007595177062565271,0.0009061321103631926,0.001011750505875253,#DIV/0!,#DIV/0!,,,,,,,,,,,,,,,
Hyderabad,CX,0.0029742299938120046,0.0027576985751890694,0.0029836090339149485,0.003353266640585704,0.0037517524633216832,0.0032224451991355357,#DIV/0!,#DIV/0!,,,,,,,,,,,,,,,
Hyderabad,Pod,0.002924326805996367,0.002997952617724481,0.0030497016390966087,0.002971366828741221,0.001900558813656379,0.00218045693115159,#DIV/0!,#DIV/0!,,,,,,,,,,,,,,,
Hyderabad,DP,#DIV/0!,#DIV/0!,#DIV/0!,#DIV/0!,#DIV/0!,#DIV/0!,#DIV/0!,#DIV/0!,,,,,,,,,,,,,,,
Hyderabad,Sourcing,0.0006919908710435089,0.0006058580203066895,0.0005602135105874058,0.0003958717561802567,0.000598963989758374,0.0006496346609035711,#DIV/0!,#DIV/0!,,,,,,,,,,,,,,,
Hyderabad,WH,0.0004291674152144839,0.0005013997409434672,0.0006137170481154166,0.0006147655507740457,0.0009083190174357759,0.0008297313985798086,#DIV/0!,#DIV/0!,,,,,,,,,,,,,,,
Kolkata,CX,0.0014125125066211525,0.0016567896514369464,0.0022343872193051058,0.002665299846232701,0.0030278562777553493,0.0021350078492935634,#DIV/0!,#DIV/0!,,,,,,,,,,,,,,,
Kolkata,Pod,0.002550369803621525,0.0031011703732024896,0.002979182959073474,0.003143686998120622,0.003364284753061499,0.002993197278911565,#DIV/0!,#DIV/0!,,,,,,,,,,,,,,,
Kolkata,DP,#DIV/0!,#DIV/0!,#DIV/0!,#DIV/0!,#DIV/0!,#DIV/0!,#DIV/0!,#DIV/0!,,,,,,,,,,,,,,,
Kolkata,Sourcing,0.0004855511741510211,0.0006053654495634997,0.0005865266450675902,0.000627883136852896,0.0007906069169694523,0.000423861852433281,#DIV/0!,#DIV/0!,,,,,,,,,,,,,,,
Kolkata,WH,0.00029427343887940673,0.0003823360734085261,0.0005027371243436487,0.0006406970784213224,0.0009083568833266048,0.000282574568288854,#DIV/0!,#DIV/0!,,,,,,,,,,,,,,,
Mumbai,CX,0.0025260931717155893,0.0024099441907661084,0.002521886371005512,0.0020845985916648885,0.0024299599771297883,0.0021336727245503378,#DIV/0!,#DIV/0!,,,,,,,,,,,,,,,
Mumbai,Pod,0.0023759636033707354,0.0022760584023902137,0.0018193608819396909,0.0025168381946610204,0.002688611179177217,0.003022703026446312,#DIV/0!,#DIV/0!,,,,,,,,,,,,,,,
Mumbai,DP,#DIV/0!,#DIV/0!,#DIV/0!,#DIV/0!,#DIV/0!,#DIV/0!,#DIV/0!,#DIV/0!,,,,,,,,,,,,,,,
Mumbai,Sourcing,0.0007506478417242707,0.000746941766728677,0.0004728536945635335,0.0006565664855637444,0.000728307332080917,0.0006488361501556583,#DIV/0!,#DIV/0!,,,,,,,,,,,,,,,
Mumbai,WH,0.0003035228229580747,0.00036994757314392016,0.000270202111179162,0.00024621243208640414,0.0003267173078493833,0.00025267177001254,#DIV/0!,#DIV/0!,,,,,,,,,,,,,,,
Pune,CX,0.0024836209480580654,0.002954482503923922,0.003773891165848314,0.0019383388801521412,0.0031070440519259416,0.0027526543452615023,#DIV/0!,#DIV/0!,,,,,,,,,,,,,,,
Pune,Pod,0.0031901682867297564,0.0027236635583048657,0.002001920761812009,0.003840105328603299,0.00273817124210825,0.002818193734434395,#DIV/0!,#DIV/0!,,,,,,,,,,,,,,,
Pune,DP,#DIV/0!,#DIV/0!,#DIV/0!,#DIV/0!,#DIV/0!,#DIV/0!,#DIV/0!,#DIV/0!,,,,,,,,,,,,,,,
Pune,Sourcing,0.0005709473443811645,0.0007693964853968548,0.0007304305482287059,0.000792402686854649,0.0006242462935376321,0.000509750804678056,#DIV/0!,#DIV/0!,,,,,,,,,,,,,,,
Pune,WH,0.00017128420331434933,0.00030006462930477334,0.00018260763705717648,0.0002925794536078704,0.0003404979782932539,0.0002184646305763097,#DIV/0!,#DIV/0!,,,,,,,,,,,,,,,
,,,,,,,,,,,,,,,,,,,,,,,,
,,,,,,,,,,,,,,,,,,,,,,,,
,,,,,,,,,,,,,,,,,,,,,,,,
,,,,,,,,,,,,,,,,,,,,,,,,
,,,,,,,,,,,,,,,,,,,,,,,,
C.IGCC Reason Level Contribution,,,,,,,,,,,,,,,,,,,,,,,,
Basic reason,SPOC,Bangalore,Chennai,Mumbai,Hyderabad,Delhi,Pune,Kolkata,Noida 1,Gurgaon,,,,,,,,,,,,,,
Customer perception / Wrong claim,CX,,,,0,,0,0,0,0,,,,,,,,,,,,,,
Damage in transit,Pod,,,,0,,0,0,0,0,,,,,,,,,,,,,,
External Damage/Bruises,Pod,,,,0,,0,0,0,0,,,,,,,,,,,,,,
External Rotten/ Fungal,Pod,,,,0,,0,0,0,0,,,,,,,,,,,,,,
Internal Rotten,Sourcing,,,,0,,0,0,0,0,,,,,,,,,,,,,,
Taste / water content,Sourcing,,,,0,,0,0,0,0,,,,,,,,,,,,,,
Incorrect size (sourcing issue),Sourcing,,,,0,,0,0,0,0,,,,,,,,,,,,,,
Overripe,Pod,,,,0,,0,0,0,0,,,,,,,,,,,,,,
Raw,Sourcing,,,,0,,0,0,0,0,,,,,,,,,,,,,,
Shrivelled / Dry,WH,,,,0,,0,0,0,0,,,,,,,,,,,,,,
Underweight (packing issue),WH,,,,0,,0,0,0,0,,,,,,,,,,,,,,
Total,,0,0,0,0,0,0,0,0,0,,,,,,,,,,,,,,